Filename,Bitbucket,GitHub,GitLab,SourceForge
0810.2412v2.pdf,,1,,1
1203.0937v2.pdf,,2,,1
1205.5829v3.pdf,,1,,1
1208.4436v1.pdf,1,1,,
1210.2864v1.pdf,,1,,1
1212.3648v3.pdf,1,,,1
1301.1942v2.pdf,,2,,1
1301.5406v3.pdf,,3,,3
1301.6049v1.pdf,,1,,1
1303.0213v1.pdf,,2,,1
1304.5952v3.pdf,,3,,6
1304.7289v1.pdf,1,1,,
1304.7799v3.pdf,,1,,1
1305.7200v1.pdf,,1,,1
1306.0836v1.pdf,,2,,4
1306.1685v1.pdf,1,1,,
1306.4723v1.pdf,1,,,1
1308.2012v2.pdf,,1,,1
1308.2058v1.pdf,,1,,2
1308.3339v4.pdf,1,1,,
1308.4526v5.pdf,,1,1,
1308.4982v3.pdf,1,4,,
1309.2848v1.pdf,,2,,1
1310.1285v3.pdf,,1,,2
1310.3234v1.pdf,3,,,1
1310.3535v1.pdf,,1,,1
1310.7131v1.pdf,,1,,1
1311.3987v1.pdf,,1,,3
1311.6002v2.pdf,,1,,3
1311.6236v1.pdf,,1,,1
1401.1129v2.pdf,,2,,1
1402.4073v2.pdf,1,1,,
1402.6635v1.pdf,1,,,1
1403.0074v5.pdf,,1,,1
1403.5996v3.pdf,1,1,,
1403.6025v4.pdf,,2,,2
1403.6793v4.pdf,1,1,,
1404.1267v2.pdf,,1,,1
1404.1905v1.pdf,,1,,1
1404.3589v6.pdf,,1,,1
1404.3989v2.pdf,,1,,1
1404.4653v1.pdf,,1,,1
1404.4893v1.pdf,,1,,2
1404.6390v2.pdf,,1,,1
1404.7458v4.pdf,,1,,1
1406.1515v1.pdf,,2,,1
1407.5286v4.pdf,1,,,1
1407.5407v2.pdf,,3,,1
1408.0247v2.pdf,,1,,1
1408.0705v3.pdf,,2,,1
1408.0725v1.pdf,,1,,2
1408.2751v3.pdf,,2,,1
1408.4158v3.pdf,2,1,,
1408.4653v2.pdf,,1,,1
1408.4964v1.pdf,,1,,1
1409.0252v4.pdf,1,,,1
1409.3108v1.pdf,,1,,1
1409.3882v1.pdf,,1,,1
1411.1953v1.pdf,,1,,1
1411.2003v3.pdf,1,1,,
1412.1127v1.pdf,,1,,1
1412.1772v1.pdf,,1,,1
1412.2005v1.pdf,,1,,1
1412.5143v4.pdf,2,3,,
1412.6868v2.pdf,,5,,1
1412.7309v1.pdf,,2,,3
1412.7977v1.pdf,,1,,1
1501.01608v2.pdf,1,1,,
1502.01057v1.pdf,1,1,,
1502.01312v3.pdf,,1,,1
1502.01753v1.pdf,,1,,1
1502.02033v1.pdf,,1,,1
1502.05767v4.pdf,,2,,1
1504.01163v2.pdf,,1,,1
1504.01674v4.pdf,,1,,1
1504.02205v3.pdf,,1,,1
1504.02294v1.pdf,,4,,1
1504.02935v1.pdf,1,2,,
1504.03002v3.pdf,1,1,,
1504.03684v2.pdf,,1,,1
1504.04942v1.pdf,,1,,1
1504.07424v1.pdf,2,1,,
1504.08110v1.pdf,,1,,1
1505.00344v1.pdf,1,,,1
1505.01871v2.pdf,1,1,,
1505.02065v6.pdf,,2,,1
1505.04437v1.pdf,1,,,1
1505.04771v2.pdf,,1,,1
1505.05211v1.pdf,,1,,1
1505.05782v2.pdf,,1,,1
1505.05815v2.pdf,,1,,1
1505.06318v4.pdf,,1,,1
1506.00262v1.pdf,,3,,1
1506.01075v1.pdf,,1,,1
1506.02131v1.pdf,2,2,,
1506.03482v1.pdf,,1,,1
1506.04212v2.pdf,3,1,,
1506.04228v1.pdf,,1,,2
1506.04986v1.pdf,2,1,,
1506.07710v2.pdf,,1,,1
1506.08726v3.pdf,1,2,,
1506.08800v3.pdf,,4,,1
1507.00490v2.pdf,,1,,2
1507.03122v1.pdf,,1,,1
1507.03527v1.pdf,,1,,1
1507.04383v1.pdf,,1,,1
1507.05444v6.pdf,,1,,1
1507.05598v2.pdf,2,2,,
1509.05135v2.pdf,,1,,1
1509.07053v1.pdf,,2,,1
1510.00271v2.pdf,1,2,,
1510.01419v3.pdf,,2,,1
1510.02037v2.pdf,,2,,1
1510.02796v1.pdf,,1,,1
1510.05373v1.pdf,,3,,5
1510.09093v1.pdf,,1,,1
1511.02851v2.pdf,,1,,1
1511.05406v1.pdf,,1,,1
1511.06995v1.pdf,,1,,1
1602.01171v1.pdf,1,2,,
1602.01175v1.pdf,2,1,,
1602.05328v1.pdf,1,2,,
1602.06920v3.pdf,,1,,1
1602.07043v2.pdf,1,1,,1
1603.00656v1.pdf,,1,,1
1603.02038v1.pdf,,1,,1
1603.05211v1.pdf,,1,,1
1603.06284v1.pdf,,1,,1
1604.00048v1.pdf,1,1,,
1604.00131v3.pdf,,1,,1
1604.01304v1.pdf,,1,,1
1604.04103v1.pdf,,1,,1
1604.04638v1.pdf,,1,,1
1604.06002v2.pdf,,3,,1
1604.06667v1.pdf,,1,,1
1604.07660v1.pdf,1,1,,
1604.07871v1.pdf,1,3,,
1606.00054v2.pdf,,1,,1
1606.01380v1.pdf,,1,,1
1606.03357v1.pdf,1,1,,
1606.03417v2.pdf,,1,,1
1606.05915v1.pdf,,1,,2
1606.06006v1.pdf,1,1,,
1606.06726v1.pdf,2,2,,
1607.00825v1.pdf,,5,,1
1607.01883v5.pdf,,1,,1
1607.02734v1.pdf,,1,,1
1607.03245v1.pdf,,4,,1
1607.04315v3.pdf,1,1,,
1607.06364v1.pdf,2,1,,
1607.07248v1.pdf,,1,,1
1608.00100v1.pdf,,1,,1
1608.00895v2.pdf,,2,,1
1608.01933v1.pdf,1,4,,
1608.02621v2.pdf,,1,,1
1608.03293v2.pdf,1,1,,
1608.03431v1.pdf,,2,,1
1608.03624v1.pdf,,1,,3
1608.04016v1.pdf,,1,,1
1608.04335v1.pdf,1,1,,
1608.04446v3.pdf,,1,,1
1608.05747v1.pdf,1,1,,
1608.06249v1.pdf,,9,,4
1608.06696v1.pdf,1,1,,
1608.06910v2.pdf,,1,,1
1608.07573v2.pdf,1,1,,
1608.07615v2.pdf,,1,,1
1608.08368v2.pdf,,2,,1
1608.08471v1.pdf,1,,,1
1609.00507v2.pdf,,10,,1
1609.00777v3.pdf,,1,,1
1609.02354v1.pdf,,1,,1
1609.02987v1.pdf,,2,,1
1609.03892v1.pdf,,1,,1
1609.03956v3.pdf,1,2,,
1609.04508v2.pdf,,1,,1
1611.00037v2.pdf,,2,,1
1611.01114v3.pdf,,1,,1
1611.02145v1.pdf,,2,,1
1611.02494v1.pdf,1,2,,
1611.04426v1.pdf,1,1,,
1611.07532v1.pdf,1,,,1
1611.07626v1.pdf,1,1,,
1611.07965v2.pdf,,1,,1
1611.10231v1.pdf,,5,,2
1612.00309v1.pdf,,1,,1
1701.00185v1.pdf,,3,,1
1701.00854v3.pdf,,13,,1
1701.02537v1.pdf,,1,,1
1701.03038v2.pdf,1,1,,
1701.04126v1.pdf,,1,,1
1701.04269v1.pdf,,2,,1
1701.05323v1.pdf,,2,,2
1701.08223v2.pdf,,1,,1
1702.01460v5.pdf,,3,,1
1702.02817v1.pdf,,1,,1
1702.04684v1.pdf,,1,,1
1702.04938v1.pdf,,1,,1
1702.06387v1.pdf,,3,1,
1702.06715v1.pdf,,1,,1
1702.08080v2.pdf,,1,,1
1704.02375v1.pdf,,1,,1
1704.02996v2.pdf,1,2,,
1704.03383v1.pdf,,2,,1
1704.05063v2.pdf,,2,,1
1704.05295v1.pdf,,2,,2
1704.08137v1.pdf,,1,,1
1704.08756v1.pdf,,1,,1
1705.00720v2.pdf,,1,,1
1705.00743v1.pdf,,1,,1
1705.01085v1.pdf,,1,,1
1705.01152v1.pdf,1,1,,
1705.04192v1.pdf,1,1,,
1705.04448v5.pdf,1,1,,
1705.05315v1.pdf,,1,,1
1705.05637v1.pdf,,2,,1
1705.06483v2.pdf,1,1,,
1705.06782v2.pdf,,1,,1
1705.07065v1.pdf,,1,,1
1705.08978v1.pdf,,1,,1
1706.01130v1.pdf,,1,,1
1706.02301v1.pdf,,1,,1
1706.02892v2.pdf,1,2,,
1706.03035v1.pdf,,4,,1
1706.03232v3.pdf,,4,,1
1706.04459v2.pdf,,1,,1
1706.06802v1.pdf,,1,,1
1706.07613v2.pdf,,2,,1
1706.08609v2.pdf,,1,,1
1706.10151v2.pdf,,7,,1
1707.00201v2.pdf,,2,,1
1707.00825v1.pdf,,3,,1
1707.01277v2.pdf,,1,1,
1707.01615v2.pdf,,2,,1
1707.05731v2.pdf,1,1,,
1707.06813v1.pdf,,1,,1
1709.00501v1.pdf,,,1,2
1709.02555v1.pdf,1,1,,
1709.02647v6.pdf,1,1,,
1709.02823v1.pdf,,1,,1
1709.03751v2.pdf,,1,,1
1709.03854v1.pdf,,1,,1
1709.05001v1.pdf,,1,,1
1709.05945v1.pdf,,1,1,
1709.05956v1.pdf,1,1,,
1709.05974v2.pdf,,1,,1
1709.07508v1.pdf,,6,,1
1709.08328v1.pdf,,1,,1
1709.09029v1.pdf,,2,,1
1709.09216v3.pdf,1,1,,
1709.09474v2.pdf,,3,,2
1709.09927v3.pdf,,1,,1
1709.10147v1.pdf,,1,,1
1709.10483v2.pdf,,1,,1
1710.02801v2.pdf,,1,1,
1710.03238v2.pdf,,1,,1
1710.03357v1.pdf,,2,,1
1710.03476v1.pdf,1,1,,
1710.03675v1.pdf,,3,,1
1710.05202v1.pdf,,2,,3
1710.05455v1.pdf,1,1,,
1710.07654v3.pdf,,1,,1
1710.08155v1.pdf,1,1,,
1710.08932v2.pdf,,1,,1
1710.09145v1.pdf,,4,,1
1710.09627v1.pdf,,2,,1
1711.00938v1.pdf,1,1,,
1711.03204v1.pdf,,5,1,
1711.04951v1.pdf,,1,,1
1711.08477v2.pdf,,2,,1
1711.08774v4.pdf,,3,,1
1711.09856v3.pdf,1,4,,
1711.09886v2.pdf,,1,,1
1711.10014v2.pdf,1,1,,
1711.10373v1.pdf,1,4,,
1711.10500v1.pdf,1,1,,
1711.10521v1.pdf,1,1,,
1711.10524v1.pdf,2,2,,
1711.11439v1.pdf,1,6,,1
1712.02757v1.pdf,,2,,1
1712.03020v1.pdf,1,1,,
1712.03201v2.pdf,,9,,1
1712.03651v2.pdf,,2,,2
1712.06790v2.pdf,,1,,1
1712.07804v1.pdf,,4,,1
1712.09402v1.pdf,,3,,1
1712.10281v2.pdf,,1,,1
1802.00033v1.pdf,1,2,,
1802.00320v1.pdf,,3,,1
1802.00462v2.pdf,,1,,3
1802.00660v2.pdf,1,1,,
1802.01542v1.pdf,1,1,,
1802.02503v2.pdf,,3,,2
1802.02974v2.pdf,1,17,,
1802.03422v1.pdf,,4,,2
1802.03691v3.pdf,,2,,3
1802.03768v1.pdf,1,3,,1
1802.04803v1.pdf,1,1,,
1802.04852v4.pdf,1,2,,
1802.05385v1.pdf,,2,,1
1802.06551v1.pdf,,8,,1
1802.06603v2.pdf,,1,,1
1802.07211v1.pdf,,1,,1
1802.07958v1.pdf,1,2,,
1802.08927v1.pdf,,1,,1
1803.00356v1.pdf,,1,,1
1803.00832v1.pdf,,1,,1
1803.00925v2.pdf,1,1,,
1803.02629v2.pdf,1,,,1
1803.03448v3.pdf,,1,,1
1803.03525v1.pdf,,1,,1
1803.03786v1.pdf,,1,1,
1803.03889v1.pdf,,1,1,
1803.04442v1.pdf,,1,,1
1803.04970v3.pdf,1,4,,
1803.06185v1.pdf,1,1,,
1803.07495v1.pdf,,1,,1
1803.08376v2.pdf,,1,,1
1803.09181v1.pdf,1,,1,
1803.09569v2.pdf,1,1,,
1803.09584v1.pdf,1,4,,
1803.09900v3.pdf,,2,,2
1803.10551v2.pdf,1,2,,
1804.00015v1.pdf,,3,,1
1804.01760v1.pdf,,1,,2
1804.03655v2.pdf,1,2,,
1804.04152v1.pdf,,1,,1
1804.04154v1.pdf,1,2,,
1804.04637v2.pdf,,1,,1
1804.05895v2.pdf,,6,1,
1804.09536v1.pdf,2,1,,1
1804.10571v1.pdf,,2,,1
1804.10745v2.pdf,,1,,1
1805.00745v1.pdf,,1,,1
1805.01177v2.pdf,1,,,1
1805.02007v1.pdf,,1,,2
1805.02332v1.pdf,,1,,1
1805.03645v1.pdf,,1,,1
1805.04058v1.pdf,,8,,1
1805.04405v3.pdf,,1,1,
1805.04951v1.pdf,,1,,2
1805.05271v2.pdf,1,1,,
1805.05542v1.pdf,,1,,1
1805.06124v1.pdf,2,1,,
1805.06607v2.pdf,1,2,,
1805.06905v1.pdf,1,1,,
1805.07239v5.pdf,,2,2,
1805.08040v1.pdf,1,1,,
1805.09023v1.pdf,,1,,1
1805.09496v6.pdf,1,2,,
1805.11547v1.pdf,,1,,1
1807.00182v2.pdf,,2,1,
1807.00309v1.pdf,,1,2,
1807.01409v1.pdf,,2,,1
1807.02059v1.pdf,,2,,1
1807.02606v3.pdf,,2,,1
1807.03004v2.pdf,1,1,,
1808.00025v3.pdf,,6,,1
1808.00117v1.pdf,1,2,,
1808.00156v2.pdf,1,3,,
1808.04352v3.pdf,,1,,1
1808.05374v1.pdf,,1,,1
1808.06334v4.pdf,,2,,1
1808.07464v2.pdf,1,1,,
1808.08652v1.pdf,,3,,2
1808.09005v2.pdf,,2,,1
1808.10745v2.pdf,1,1,,
1809.00223v1.pdf,,1,,1
1809.01618v1.pdf,,1,,1
1809.01669v2.pdf,1,8,,
1809.01830v3.pdf,,2,,1
1809.02322v2.pdf,1,1,,
1809.02792v2.pdf,,2,,1
1809.03056v1.pdf,,2,,2
1809.03891v1.pdf,,3,,1
1809.04299v2.pdf,,1,,1
1809.04622v1.pdf,1,1,,
1809.04766v2.pdf,1,1,,
1809.05034v1.pdf,,1,,1
1809.06274v1.pdf,1,1,,
1809.06705v3.pdf,1,1,,
1809.07014v1.pdf,,1,,4
1809.07851v1.pdf,1,2,,
1809.08233v1.pdf,,2,,1
1809.08304v1.pdf,,1,,1
1809.09108v2.pdf,,1,,1
1809.09851v1.pdf,,1,2,
1809.10387v1.pdf,,1,,1
1809.10945v1.pdf,1,2,,
1809.11024v1.pdf,,1,,1
1810.01220v2.pdf,1,1,,
1810.01679v3.pdf,,1,,1
1810.02342v1.pdf,1,1,,
1810.02499v2.pdf,1,1,,
1810.02713v1.pdf,,1,,1
1810.02904v1.pdf,,2,,1
1810.05005v2.pdf,,1,,1
1810.06119v1.pdf,,1,,1
1810.06672v2.pdf,,1,1,
1810.07298v2.pdf,,1,,1
1810.08603v1.pdf,,1,,1
1810.09065v2.pdf,,8,1,
1810.09786v1.pdf,,1,,1
1810.10527v2.pdf,1,4,,1
1810.11027v2.pdf,1,3,,
1810.11975v2.pdf,,1,,1
1810.12047v1.pdf,1,2,,
1812.00140v4.pdf,,25,,1
1812.00436v1.pdf,1,1,,
1812.00555v1.pdf,1,2,,
1812.00779v1.pdf,,1,,1
1812.00875v2.pdf,1,1,,
1812.01463v1.pdf,,2,,1
1812.01491v1.pdf,,1,2,
1812.01893v1.pdf,,1,,1
1812.02207v2.pdf,,3,,2
1812.02647v1.pdf,,2,,1
1812.06015v1.pdf,1,1,,
1812.06191v1.pdf,,7,,1
1812.06286v1.pdf,,1,,1
1812.06961v1.pdf,,1,,1
1812.07270v3.pdf,,3,,1
1812.08056v1.pdf,1,1,,
1812.09245v3.pdf,1,3,,
1812.09806v3.pdf,1,1,,
1812.10315v1.pdf,,2,,1
1812.11371v1.pdf,,2,,1
1812.11875v2.pdf,,3,,1
1901.00143v1.pdf,,2,,1
1901.00296v1.pdf,1,1,,
1901.00402v2.pdf,1,2,,
1901.00724v1.pdf,1,1,,
1901.01766v4.pdf,,2,,1
1901.03866v1.pdf,,4,1,
1901.04212v1.pdf,,1,,1
1901.04358v1.pdf,1,1,,
1901.04956v1.pdf,,2,,1
1901.05231v2.pdf,,1,2,
1901.06175v1.pdf,,2,1,
1901.06210v1.pdf,,1,1,
1901.06922v1.pdf,,1,,1
1901.06924v2.pdf,1,1,,
1901.07700v1.pdf,1,,,1
1901.07738v1.pdf,,1,,2
1901.07960v1.pdf,1,1,1,
1901.08456v1.pdf,,2,1,
1901.09691v1.pdf,1,1,,
1901.09925v3.pdf,1,4,,
1901.10453v2.pdf,1,1,,
1901.11015v1.pdf,,3,,1
1901.11053v1.pdf,1,3,,
1901.11321v1.pdf,,1,,1
1901.11416v1.pdf,2,1,,
1901.11479v2.pdf,,2,,1
1902.00231v1.pdf,,2,,3
1902.00545v2.pdf,,1,,1
1902.00682v1.pdf,,1,,1
1902.01701v1.pdf,,1,1,
1902.01749v2.pdf,1,1,,
1902.02328v2.pdf,,1,,1
1902.02609v1.pdf,,1,,1
1902.03318v1.pdf,,1,,1
1902.04446v2.pdf,,1,1,
1902.04701v1.pdf,1,1,,
1902.05085v1.pdf,1,1,,
1902.05363v1.pdf,1,2,,
1902.06343v2.pdf,,1,,1
1902.06591v1.pdf,,1,1,
1902.06838v1.pdf,,1,,1
1902.07130v1.pdf,,1,,1
1902.07609v5.pdf,,3,,1
1902.09293v1.pdf,,,1,1
1902.09334v3.pdf,,1,,1
1903.00497v1.pdf,1,1,,1
1903.01949v2.pdf,,2,,1
1903.02632v2.pdf,,2,,1
1903.02784v1.pdf,,23,,1
1903.02939v1.pdf,,2,,1
1903.02990v2.pdf,,1,,1
1903.03760v1.pdf,,1,,1
1903.04678v2.pdf,1,1,,
1903.05170v4.pdf,1,3,,
1903.08276v1.pdf,,1,,1
1903.08599v3.pdf,,2,,1
1903.11269v3.pdf,,4,,1
1903.12033v2.pdf,,1,,1
1905.00200v2.pdf,,1,,1
1905.00598v1.pdf,,1,,1
1905.00609v2.pdf,,1,,1
1905.01852v1.pdf,,1,,1
1905.01905v1.pdf,1,1,,
1905.02088v1.pdf,,1,,2
1905.02145v2.pdf,,2,,1
1905.02415v1.pdf,1,2,,1
1905.03016v1.pdf,,2,1,
1905.03321v1.pdf,1,1,,
1905.03753v2.pdf,,1,1,
1905.03854v2.pdf,1,1,,1
1905.04150v1.pdf,,1,,1
1905.04341v2.pdf,,3,1,
1905.05224v2.pdf,,1,,2
1905.05494v2.pdf,,2,,1
1905.05998v2.pdf,,1,,1
1905.06148v2.pdf,,1,,1
1905.06169v1.pdf,,1,1,
1905.06782v1.pdf,,1,1,
1905.08164v1.pdf,,1,,1
1905.09299v1.pdf,1,2,,
1905.11245v1.pdf,,2,2,
1905.12762v1.pdf,,1,,1
1905.13400v1.pdf,1,2,,
1905.13464v3.pdf,,7,1,
1906.01003v1.pdf,,1,,1
1906.01093v3.pdf,,1,,1
1906.01136v1.pdf,,1,,1
1906.01599v1.pdf,1,1,,
1906.01684v2.pdf,,1,,1
1906.03289v2.pdf,1,6,,
1906.03773v1.pdf,,1,,3
1906.04903v1.pdf,,2,,5
1906.05398v2.pdf,,1,1,
1906.05433v2.pdf,,1,,1
1906.05651v1.pdf,1,1,,
1906.08063v4.pdf,,2,1,
1906.10329v2.pdf,1,2,,
1906.11246v1.pdf,,1,1,
1906.11710v3.pdf,,1,1,
1906.11765v2.pdf,,1,,1
1906.12066v1.pdf,,1,,2
1906.12211v1.pdf,,2,,1
1906.12213v1.pdf,,11,1,
1906.12314v3.pdf,1,1,,
1907.00025v1.pdf,1,1,,
1907.01631v1.pdf,1,1,,
1907.01727v1.pdf,1,4,,
1907.02427v2.pdf,1,1,,
1907.02518v1.pdf,,2,,1
1907.03136v1.pdf,,3,,1
1907.03382v2.pdf,,2,1,
1907.03544v1.pdf,,1,,1
1907.04243v1.pdf,,1,1,
1907.05147v5.pdf,,2,1,
1907.05637v1.pdf,,2,,1
1907.05871v1.pdf,,3,,2
1907.05982v1.pdf,,1,,1
1907.06530v2.pdf,1,3,,1
1907.06554v1.pdf,,1,,1
1907.06645v2.pdf,,1,,1
1907.07948v1.pdf,,1,,1
1907.08138v1.pdf,,2,,1
1907.08211v2.pdf,,2,,1
1907.09487v2.pdf,1,1,,
1907.09497v2.pdf,1,1,,
1907.11454v1.pdf,,2,1,
1907.11997v1.pdf,,1,,1
1907.12700v1.pdf,1,2,,
1908.00056v1.pdf,,1,,1
1908.00891v1.pdf,,1,1,
1908.01080v1.pdf,,2,1,
1908.02286v2.pdf,,1,,1
1908.02518v2.pdf,1,4,,
1908.02690v1.pdf,,1,,1
1908.04034v2.pdf,1,1,,
1908.04645v2.pdf,,2,,1
1908.04705v2.pdf,1,3,,
1908.04729v2.pdf,,1,,1
1908.06248v1.pdf,,1,,1
1908.06381v1.pdf,,1,,1
1908.06812v3.pdf,,1,1,
1908.06895v1.pdf,1,8,,1
1908.07034v3.pdf,,1,,1
1908.07614v1.pdf,,1,,1
1908.08642v3.pdf,,1,1,
1908.08983v1.pdf,,1,1,
1908.10026v2.pdf,1,1,,1
1910.00230v1.pdf,2,,1,
1910.01078v1.pdf,1,1,,
1910.01212v1.pdf,,1,,1
1910.01642v1.pdf,,1,,1
1910.01812v1.pdf,,1,1,
1910.05102v2.pdf,1,1,,
1910.06995v5.pdf,1,1,,
1910.07557v2.pdf,1,1,,
1910.07757v2.pdf,,1,,1
1910.07898v3.pdf,,1,1,
1910.08023v1.pdf,,1,,1
1910.08345v2.pdf,1,1,,
1910.09273v2.pdf,1,2,,
1910.10167v1.pdf,,1,,1
1910.10410v1.pdf,,2,,1
1910.11370v6.pdf,,1,,1
1910.11883v2.pdf,1,1,,
1910.11930v1.pdf,1,,,1
1911.00268v2.pdf,1,2,,
1911.01601v4.pdf,,2,,1
1911.01658v1.pdf,,1,,1
1911.02470v3.pdf,,1,1,
1911.03531v1.pdf,,2,,1
1911.05617v2.pdf,,1,1,
1911.05717v2.pdf,,1,,1
1911.05719v1.pdf,,1,1,
1911.06829v1.pdf,1,1,,
1911.07713v1.pdf,1,2,,1
1911.08816v2.pdf,1,7,,
1911.09357v1.pdf,,3,1,
1911.09388v1.pdf,,12,1,
1911.09421v2.pdf,,2,,1
1911.09561v1.pdf,,1,,1
1911.09986v1.pdf,,1,1,
1911.11144v2.pdf,1,2,,
1911.11442v2.pdf,,1,,1
1911.11560v2.pdf,,1,5,
1911.11702v3.pdf,,1,2,
1911.11937v2.pdf,,2,,1
1911.12651v2.pdf,1,4,,
1911.13062v1.pdf,,2,,2
1911.13295v1.pdf,,3,2,
1912.00342v2.pdf,1,2,,
1912.01289v1.pdf,,1,,1
1912.01640v2.pdf,,4,1,
1912.01703v1.pdf,,5,,1
1912.02179v3.pdf,,1,,1
1912.02585v1.pdf,1,1,,
1912.02775v2.pdf,,1,,2
1912.02972v2.pdf,,3,,1
1912.03324v2.pdf,,2,1,
1912.03489v1.pdf,,1,,2
1912.04510v1.pdf,,2,,1
1912.04669v1.pdf,,2,,2
1912.04977v3.pdf,,4,1,
1912.06442v2.pdf,,1,,1
1912.07747v1.pdf,1,1,,
1912.08735v2.pdf,,1,,1
1912.08839v1.pdf,,10,,1
1912.09041v1.pdf,,1,,1
1912.09481v2.pdf,,2,,1
1912.09686v1.pdf,,2,1,
1912.09778v3.pdf,,1,,1
1912.12189v2.pdf,,2,,2
1912.12679v2.pdf,,1,,1
1912.12807v1.pdf,,1,,1
1912.13375v2.pdf,2,2,,
2001.00941v4.pdf,1,2,,
2001.01828v3.pdf,,1,,1
2001.02111v1.pdf,1,1,,
2001.02334v1.pdf,,1,,1
2001.02479v1.pdf,,1,,1
2001.02505v1.pdf,,1,,1
2001.02545v1.pdf,,2,,1
2001.02559v1.pdf,1,1,,
2001.02630v1.pdf,,1,1,
2001.02641v1.pdf,,2,,1
2001.02696v2.pdf,1,1,,
2001.03067v1.pdf,,1,1,
2001.03621v2.pdf,,6,,1
2001.04724v1.pdf,,2,,1
2001.05486v2.pdf,,1,2,
2001.05798v2.pdf,1,1,,
2001.06036v1.pdf,,1,,1
2001.07808v1.pdf,1,13,,
2001.09258v1.pdf,1,1,,
2001.09630v2.pdf,,3,,2
2001.09933v3.pdf,,1,,1
2001.10165v1.pdf,,2,,1
2001.11158v2.pdf,,3,,1
2003.00108v1.pdf,,2,,1
2003.00110v2.pdf,1,2,,
2003.00327v1.pdf,,10,,9
2003.00329v1.pdf,,1,,1
2003.00447v1.pdf,1,,,1
2003.00532v1.pdf,,3,,1
2003.01187v2.pdf,1,1,,
2003.02031v2.pdf,1,14,,
2003.02291v1.pdf,,1,,1
2003.02700v2.pdf,1,1,,
2003.03217v2.pdf,,1,,1
2003.03296v6.pdf,,4,1,
2003.03340v2.pdf,,2,,1
2003.03410v1.pdf,,3,,1
2003.03468v2.pdf,1,1,,
2003.03596v2.pdf,1,1,,1
2003.03638v2.pdf,,1,1,
2003.04103v3.pdf,,3,1,
2003.04726v1.pdf,,1,,1
2003.04749v1.pdf,1,1,,
2003.05461v2.pdf,,1,,1
2003.05564v1.pdf,,1,1,
2003.06458v1.pdf,,1,,1
2003.07377v2.pdf,,1,,1
2003.07383v1.pdf,1,1,,
2003.07970v1.pdf,,4,4,
2003.09166v2.pdf,,2,1,
2003.09696v2.pdf,1,1,,
2003.09780v1.pdf,1,2,,1
2003.09896v1.pdf,,1,,1
2003.10852v1.pdf,,1,,1
2003.12458v2.pdf,,4,1,
2003.12815v2.pdf,,1,,1
2003.13032v1.pdf,,3,,1
2004.00088v1.pdf,,4,,1
2004.01891v2.pdf,1,1,,
2004.02604v1.pdf,,1,,1
2004.02781v5.pdf,,1,,1
2004.02862v2.pdf,,2,,1
2004.02913v2.pdf,1,2,,
2004.04147v2.pdf,,1,1,
2004.04628v2.pdf,,1,,1
2004.05861v4.pdf,,1,2,
2004.06125v3.pdf,,2,1,
2004.07897v1.pdf,,1,,1
2004.08694v3.pdf,1,1,,
2004.08925v1.pdf,,1,1,
2004.09006v1.pdf,,1,,1
2004.09991v1.pdf,,2,,1
2004.11104v1.pdf,,3,,1
2004.11725v2.pdf,,1,,1
2004.12023v4.pdf,,2,,3
2004.12359v1.pdf,,1,,1
2005.00635v2.pdf,1,1,,
2005.01140v1.pdf,,2,,1
2005.01348v2.pdf,1,1,,
2005.02041v1.pdf,,4,1,
2005.02443v1.pdf,,2,1,
2005.02538v1.pdf,,3,,1
2005.02614v1.pdf,,1,1,
2005.03240v2.pdf,,1,,1
2005.03492v3.pdf,1,23,,
2005.05178v1.pdf,,1,,1
2005.05261v1.pdf,1,,,2
2005.05359v1.pdf,1,2,,2
2005.05756v2.pdf,,3,3,1
2005.06333v2.pdf,,4,,1
2005.06410v1.pdf,,1,1,
2005.06478v1.pdf,,1,,1
2005.06490v3.pdf,1,4,,
2005.07597v1.pdf,,3,,1
2005.07598v1.pdf,,4,,1
2005.09171v2.pdf,,1,,2
2005.10171v1.pdf,,1,,1
2005.10701v2.pdf,1,1,,
2005.11315v1.pdf,,6,,1
2005.11838v2.pdf,,1,,1
2005.12066v1.pdf,,2,1,
2005.13375v1.pdf,1,1,,
2005.14329v1.pdf,,1,,1
2006.00364v4.pdf,,5,1,
2006.00444v3.pdf,,1,,1
2006.01201v3.pdf,,1,,2
2006.01270v1.pdf,,2,1,
2006.01644v1.pdf,,1,1,
2006.02270v1.pdf,1,1,,
2006.02453v2.pdf,,2,,1
2006.02545v5.pdf,,1,1,
2006.02642v2.pdf,,1,1,
2006.03316v1.pdf,,1,,1
2006.03903v1.pdf,,1,,1
2006.04240v4.pdf,,2,,1
2006.04444v7.pdf,,2,,1
2006.05016v1.pdf,,8,,1
2006.05619v1.pdf,,2,,1
2006.06153v1.pdf,,5,,1
2006.06998v1.pdf,,1,1,
2006.07823v1.pdf,,1,,1
2006.09475v2.pdf,1,1,,
2006.09615v2.pdf,,3,1,
2006.09769v1.pdf,,3,,1
2006.10504v3.pdf,,4,,1
2006.10509v1.pdf,,23,,1
2006.12645v3.pdf,,1,,2
2006.12879v1.pdf,,1,1,
2006.12968v2.pdf,1,1,,
2006.13346v1.pdf,,1,,1
2006.13812v1.pdf,1,1,,
2006.14147v2.pdf,,3,1,
2006.14154v2.pdf,1,8,,
2006.16764v2.pdf,,4,,1
2008.00660v2.pdf,,2,,1
2008.02370v3.pdf,,,1,1
2008.03273v1.pdf,,1,1,
2008.03585v2.pdf,,7,,1
2008.03842v2.pdf,,3,,1
2008.04415v1.pdf,,1,,2
2008.04479v2.pdf,,2,,1
2008.05681v2.pdf,1,2,,4
2008.05710v2.pdf,1,1,,
2008.07069v1.pdf,,7,,1
2008.07864v1.pdf,,1,,1
2008.08591v1.pdf,1,1,,
2008.09024v1.pdf,,1,,1
2008.09588v2.pdf,1,1,,
2008.10061v1.pdf,,2,,2
2008.10640v2.pdf,,1,6,
2008.11287v1.pdf,,1,1,
2008.12613v5.pdf,,3,1,
2008.12820v1.pdf,1,2,,
2008.13558v2.pdf,,1,1,
2008.13759v1.pdf,1,5,,
2009.00959v1.pdf,,2,,2
2009.01120v2.pdf,,2,1,
2009.01910v2.pdf,,2,,1
2009.02011v1.pdf,,1,,1
2009.02449v4.pdf,,1,1,
2009.03309v2.pdf,,1,1,
2009.03777v1.pdf,,7,,1
2009.03963v1.pdf,1,1,,
2009.04368v1.pdf,2,1,,
2009.04598v3.pdf,1,2,1,
2009.04718v3.pdf,,8,,1
2009.05257v4.pdf,1,2,1,
2009.05738v1.pdf,,2,1,
2009.05936v1.pdf,,1,1,
2009.06854v1.pdf,,2,,1
2009.06861v3.pdf,,1,,2
2009.07091v3.pdf,,1,,1
2009.08361v2.pdf,1,1,,
2009.08525v1.pdf,,1,1,
2009.09068v1.pdf,,2,2,
2009.09822v3.pdf,,1,1,
2009.10735v1.pdf,1,2,,
2009.10854v3.pdf,1,,,1
2009.12005v2.pdf,,1,1,
2009.12283v2.pdf,,1,,2
2009.12289v2.pdf,,3,,1
2009.12544v1.pdf,,1,,1
2009.14349v3.pdf,,1,1,
2010.00590v3.pdf,1,1,,
2010.01087v1.pdf,1,,,1
2010.01109v2.pdf,1,1,,
2010.02106v1.pdf,,1,,1
2010.02307v2.pdf,,4,1,
2010.02391v3.pdf,,32,,1
2010.02522v1.pdf,,1,,2
2010.02534v1.pdf,1,3,,
2010.03514v2.pdf,1,6,,
2010.04228v4.pdf,,4,,1
2010.04372v1.pdf,1,1,,
2010.04694v2.pdf,,1,,1
2010.05102v2.pdf,,2,1,
2010.05924v2.pdf,1,1,,
2010.05968v3.pdf,,1,1,
2010.06047v1.pdf,,1,,2
2010.06114v1.pdf,1,1,,
2010.06256v2.pdf,1,3,,
2010.06521v1.pdf,,1,,1
2010.06536v1.pdf,,5,1,
2010.06847v2.pdf,,1,,1
2010.07086v3.pdf,,2,,2
2010.07985v2.pdf,,1,1,
2010.08040v1.pdf,,7,,1
2010.08768v2.pdf,,1,1,
2010.08973v1.pdf,,2,1,
2010.09717v1.pdf,,2,,1
2010.09763v2.pdf,,1,1,
2010.10110v2.pdf,,1,,1
2010.10122v4.pdf,,2,1,
2010.10862v1.pdf,,1,,1
2010.11624v1.pdf,,1,,1
2010.11641v2.pdf,,1,,1
2010.11751v4.pdf,,1,1,
2010.12149v1.pdf,,1,1,
2010.12742v2.pdf,,3,1,
2010.14649v2.pdf,1,3,,
2010.14707v1.pdf,,3,,1
2010.15191v1.pdf,1,4,,
2010.15623v1.pdf,1,1,,
2010.16196v1.pdf,1,5,,
2010.16214v2.pdf,,2,,1
2010.16416v2.pdf,1,3,,
2011.00112v1.pdf,1,4,,
2011.00874v1.pdf,,3,,1
2011.01242v1.pdf,1,1,,
2011.01834v2.pdf,,3,,1
2011.02586v1.pdf,,2,,1
2011.03407v2.pdf,,1,,1
2011.03479v1.pdf,,2,,1
2011.03516v3.pdf,1,3,,
2011.04335v1.pdf,,2,,1
2011.04521v1.pdf,1,4,,
2011.04592v1.pdf,,2,,1
2011.04593v1.pdf,1,4,,
2011.04606v4.pdf,2,1,,
2011.05042v1.pdf,,1,,1
2011.05698v1.pdf,,3,,1
2011.06329v1.pdf,,4,1,
2011.06654v1.pdf,,1,,1
2011.06837v1.pdf,,2,,1
2011.07269v2.pdf,,2,,1
2011.07590v2.pdf,,3,,1
2011.07805v1.pdf,,1,,1
2011.07968v3.pdf,,9,,1
2011.08328v2.pdf,,1,,1
2011.09657v1.pdf,1,1,,
2011.10191v1.pdf,,2,,2
2011.10356v1.pdf,1,2,,
2011.10372v4.pdf,1,8,,1
2011.10563v1.pdf,1,1,,
2011.10819v1.pdf,,2,1,
2011.11701v1.pdf,,1,,1
2011.11846v1.pdf,,5,,1
2011.12293v3.pdf,1,1,,
2011.12300v1.pdf,1,1,,
2011.14701v1.pdf,1,1,,
2011.15089v3.pdf,,1,1,
2101.00073v1.pdf,,1,1,
2101.00933v3.pdf,,5,2,
2101.01165v2.pdf,,3,,1
2101.01416v1.pdf,,1,1,
2101.01430v1.pdf,,20,,1
2101.02069v1.pdf,,1,1,
2101.03013v3.pdf,1,2,,
2101.03027v2.pdf,,5,1,
2101.03394v1.pdf,,1,,2
2101.03433v1.pdf,,1,,1
2101.03533v2.pdf,1,2,,
2101.05012v1.pdf,,26,1,
2101.06537v2.pdf,,1,,1
2101.06759v1.pdf,,7,2,2
2101.07263v3.pdf,,1,1,
2101.08069v2.pdf,1,1,,
2101.08289v1.pdf,1,1,,
2101.08832v1.pdf,,3,,1
2101.09577v1.pdf,,1,,1
2101.09747v2.pdf,,1,,1
2101.10632v3.pdf,2,73,,
2101.12476v1.pdf,1,5,,
2102.00017v2.pdf,1,2,,
2102.01048v1.pdf,,6,1,
2102.01086v1.pdf,1,1,,
2102.01275v1.pdf,,1,,1
2102.02110v1.pdf,,2,1,
2102.02440v1.pdf,1,4,,
2102.02679v1.pdf,,5,,1
2102.03160v2.pdf,,1,,1
2102.03961v1.pdf,1,1,,
2102.05058v1.pdf,,2,,1
2102.06049v1.pdf,,3,,1
2102.06221v2.pdf,1,1,,
2102.06631v1.pdf,,1,,1
2102.07901v2.pdf,,4,,1
2102.07995v1.pdf,,4,,1
2102.08468v1.pdf,1,2,,
2102.09373v1.pdf,1,1,,1
2102.10195v1.pdf,,1,,1
2102.10546v1.pdf,,1,,1
2102.10566v2.pdf,,1,,1
2102.11409v2.pdf,1,1,,
2102.12006v1.pdf,,1,,1
2102.12953v1.pdf,,1,,1
2102.13114v1.pdf,,2,,2
2102.13183v2.pdf,,3,1,
2102.13184v3.pdf,,1,1,
2103.00600v1.pdf,,1,,2
2103.01590v1.pdf,,5,,1
2103.02044v1.pdf,1,2,,
2103.03161v1.pdf,,1,,1
2103.03250v1.pdf,,1,1,
2103.03473v1.pdf,,2,,1
2103.03564v1.pdf,,1,,1
2103.04244v2.pdf,1,16,,
2103.04616v1.pdf,,3,,1
2103.04656v3.pdf,,3,1,
2103.06052v1.pdf,,1,,1
2103.06987v1.pdf,,2,,1
2103.07544v1.pdf,1,1,,
2103.08410v1.pdf,,1,,1
2103.08436v1.pdf,,3,,1
2103.08507v1.pdf,2,7,,
2103.08558v1.pdf,1,1,,
2103.09583v1.pdf,,2,1,
2103.09595v1.pdf,1,3,,
2103.09820v2.pdf,,2,,1
2103.10030v2.pdf,,1,,1
2103.10943v2.pdf,,2,1,
2103.11037v2.pdf,,1,1,
2103.11052v1.pdf,,2,1,
2103.11195v3.pdf,,1,1,
2103.11534v1.pdf,1,3,,
2103.11743v3.pdf,,1,,1
2103.11792v1.pdf,,4,4,
2103.11924v1.pdf,1,1,,
2103.12298v1.pdf,1,19,,
2103.14507v1.pdf,1,1,,
2103.14713v2.pdf,1,3,,
2103.16581v2.pdf,,1,,1
2103.16911v1.pdf,,2,1,
2104.00182v1.pdf,,2,,1
2104.00691v1.pdf,,1,,2
2104.00880v2.pdf,,1,,1
2104.00883v1.pdf,,3,1,
2104.01185v1.pdf,,1,,1
2104.01242v2.pdf,,1,,1
2104.02987v2.pdf,,1,,1
2104.03032v1.pdf,,1,1,
2104.03388v1.pdf,,3,,2
2104.04540v1.pdf,,1,,1
2104.04659v2.pdf,1,2,,
2104.05302v1.pdf,,1,1,
2104.05676v1.pdf,,6,,1
2104.05680v1.pdf,,2,,1
2104.05700v1.pdf,,2,1,
2104.06051v2.pdf,,10,1,
2104.06106v1.pdf,,1,1,
2104.06376v1.pdf,2,1,,
2104.06383v2.pdf,,1,2,
2104.06793v1.pdf,,1,,1
2104.08207v1.pdf,,1,1,
2104.09502v3.pdf,,1,,1
2104.10502v2.pdf,,1,1,
2104.10741v1.pdf,,1,,1
2104.10865v1.pdf,1,1,,
2104.11732v1.pdf,1,1,,
2104.12056v2.pdf,1,1,,
2104.12261v2.pdf,,4,,1
2104.12482v1.pdf,1,1,,
2104.13039v1.pdf,,1,,1
2104.13225v3.pdf,,5,,1
2104.13242v1.pdf,,5,,1
2104.14565v1.pdf,,1,1,
2104.14640v2.pdf,1,9,,1
2104.14848v1.pdf,,1,,1
2104.14862v1.pdf,,1,,1
2106.00157v1.pdf,1,2,,
2106.01343v1.pdf,1,1,,
2106.01350v2.pdf,,2,,1
2106.01455v1.pdf,,1,1,
2106.01789v1.pdf,,2,,1
2106.01942v2.pdf,,1,,1
2106.02153v1.pdf,1,1,,
2106.02200v1.pdf,,1,1,
2106.02306v1.pdf,,1,,1
2106.04716v1.pdf,,1,,1
2106.04826v1.pdf,,1,1,
2106.05450v1.pdf,,1,,1
2106.06897v1.pdf,,2,,1
2106.06972v1.pdf,,1,,1
2106.07627v1.pdf,,2,,1
2106.08077v3.pdf,,1,,1
2106.08334v2.pdf,,1,1,
2106.08710v1.pdf,,4,,1
2106.08815v1.pdf,,2,1,
2106.09407v2.pdf,,3,1,
2106.11799v1.pdf,,1,3,
2106.12343v1.pdf,,1,1,
2106.12664v1.pdf,3,1,,
2106.12666v2.pdf,1,1,,
2106.12973v1.pdf,,3,1,
2106.12992v1.pdf,,1,,1
2106.13297v2.pdf,,1,,1
2106.13465v1.pdf,1,1,,
2106.13861v2.pdf,,2,1,
2106.13871v2.pdf,,2,1,
2106.13879v1.pdf,1,1,,
2106.13891v2.pdf,1,2,,1
2106.13972v2.pdf,,6,,2
2106.14232v1.pdf,1,1,,
2106.14566v1.pdf,,1,,1
2106.15284v1.pdf,,2,1,
2106.16241v1.pdf,1,,1,
2107.02460v1.pdf,,1,2,
2107.04743v1.pdf,1,2,,
2107.05225v3.pdf,1,1,,
2107.06147v1.pdf,1,1,,
2107.06959v2.pdf,,1,,1
2107.07789v2.pdf,,3,,1
2107.07974v2.pdf,1,3,,
2107.08038v1.pdf,,1,1,
2107.08760v1.pdf,,2,,1
2107.09002v1.pdf,,4,,1
2107.09074v1.pdf,,2,,1
2107.09080v2.pdf,,2,,1
2107.09188v2.pdf,1,1,,
2107.09474v1.pdf,,1,,2
2107.10008v1.pdf,,4,,1
2107.10034v1.pdf,,1,1,
2107.10256v1.pdf,,4,,1
2107.10423v1.pdf,,1,,1
2107.12172v2.pdf,,3,,1
2107.12295v1.pdf,1,4,,
2107.12318v2.pdf,1,2,,
2107.12867v1.pdf,,6,,1
2107.13514v1.pdf,,1,,1
2107.14338v1.pdf,,2,1,
2108.00970v1.pdf,,1,1,
2108.02287v1.pdf,,11,1,1
2108.02320v3.pdf,,1,,3
2108.02635v1.pdf,,,1,1
2108.02991v1.pdf,,3,1,
2108.02995v1.pdf,,3,2,
2108.03047v1.pdf,,2,,1
2108.03978v1.pdf,,7,1,
2108.04131v1.pdf,,3,,2
2108.04207v1.pdf,,1,5,
2108.04212v3.pdf,,1,1,
2108.04600v1.pdf,1,10,,
2108.05080v3.pdf,1,3,,
2108.05317v2.pdf,,2,,1
2108.05605v1.pdf,,1,,1
2108.05815v1.pdf,2,5,,
2108.05830v1.pdf,,1,,1
2108.05869v1.pdf,,1,1,
2108.06207v1.pdf,,1,1,
2108.09810v2.pdf,2,11,,1
2108.11638v2.pdf,,3,,1
2108.12434v1.pdf,,1,,1
2108.12715v1.pdf,1,1,,
2108.13930v2.pdf,,1,1,
2109.00648v3.pdf,,1,,1
2109.00809v1.pdf,2,22,,1
2109.01892v1.pdf,,4,,1
2109.01961v1.pdf,,1,,1
2109.02166v1.pdf,,1,,1
2109.02308v1.pdf,1,1,,
2109.02329v1.pdf,,1,,1
2109.02705v1.pdf,,4,,1
2109.02760v1.pdf,,1,,1
2109.04650v1.pdf,1,2,,
2109.04981v1.pdf,,1,1,
2109.04984v1.pdf,1,2,,
2109.05843v1.pdf,,2,,1
2109.05871v1.pdf,,1,,1
2109.05952v1.pdf,,2,,1
2109.06808v1.pdf,1,14,,
2109.07757v1.pdf,1,1,,
2109.08020v1.pdf,1,1,,
2109.08294v1.pdf,,1,,1
2109.08789v3.pdf,,1,,1
2109.09185v1.pdf,,1,1,
2109.09798v1.pdf,,1,,1
2109.10227v1.pdf,,1,1,
2109.10830v1.pdf,1,2,,
2109.11007v1.pdf,,2,1,
2109.11328v1.pdf,,1,,1
2109.11535v1.pdf,1,,,1
2109.11591v3.pdf,,,1,1
2109.12186v1.pdf,,11,,1
2109.12421v1.pdf,,1,,1
2109.13168v2.pdf,,2,,1
2109.13212v2.pdf,,1,,1
2109.13406v1.pdf,,7,,1
2109.14442v2.pdf,,1,,1
2109.14646v2.pdf,1,4,,
2109.14735v2.pdf,,3,1,
2111.00648v1.pdf,,1,,1
2111.00805v1.pdf,,1,,1
2111.01154v1.pdf,1,3,,
2111.01860v2.pdf,,1,1,
2111.02291v1.pdf,,1,,1
2111.02382v1.pdf,,2,,1
2111.02425v1.pdf,,3,,1
2111.03249v1.pdf,1,1,,
2111.03356v1.pdf,3,2,,
2111.03675v1.pdf,1,1,,
2111.04005v1.pdf,1,1,,
2111.04771v2.pdf,,1,1,
2111.04837v1.pdf,,1,,2
2111.05439v2.pdf,1,2,,
2111.05969v1.pdf,,2,,1
2111.06991v1.pdf,,1,,1
2111.09127v1.pdf,,1,,6
2112.00224v1.pdf,,1,2,
2112.00721v2.pdf,,1,1,
2112.01132v1.pdf,1,1,,
2112.01273v1.pdf,,2,,1
2112.01315v1.pdf,1,1,,
2112.01589v2.pdf,,2,1,
2112.02556v1.pdf,1,1,,
2112.03189v2.pdf,,1,1,
2112.03370v1.pdf,,2,,1
2112.03433v1.pdf,1,2,,
2112.03622v1.pdf,,5,1,
2112.04123v1.pdf,,1,1,
2112.05165v1.pdf,3,2,,
2112.05804v2.pdf,,1,1,
2112.06049v1.pdf,1,1,,
2112.06566v2.pdf,,3,,1
2112.07259v1.pdf,1,2,,
2112.07364v1.pdf,,1,1,
2112.07573v1.pdf,1,1,,
2112.07681v1.pdf,1,2,,
2112.08423v2.pdf,1,2,,
2112.09138v1.pdf,1,1,,
2112.09140v1.pdf,,1,1,
2112.10469v1.pdf,1,4,,
2112.10517v1.pdf,,3,1,
2112.10934v1.pdf,,1,,1
2112.11122v1.pdf,,3,,1
2112.11696v1.pdf,1,9,,1
2112.11879v2.pdf,,1,,1
2112.11947v1.pdf,,1,,1
2112.11958v1.pdf,,1,1,
2112.12928v1.pdf,,4,,1
