URLCount,ecdf,Category
0,0,SourceForge
-inf,0.0,SourceForge
1.0,0.11574074074074073,SourceForge
1.0,0.23148148148148145,SourceForge
1.0,0.3472222222222222,SourceForge
1.0,0.4629629629629629,SourceForge
1.0,0.5787037037037037,SourceForge
1.0,0.6944444444444444,SourceForge
1.0,0.8101851851851851,SourceForge
1.0,0.9259259259259258,SourceForge
1.0,1.0416666666666665,SourceForge
1.0,1.1574074074074074,SourceForge
1.0,1.2731481481481481,SourceForge
1.0,1.3888888888888888,SourceForge
1.0,1.5046296296296295,SourceForge
1.0,1.6203703703703702,SourceForge
1.0,1.7361111111111112,SourceForge
1.0,1.8518518518518516,SourceForge
1.0,1.9675925925925923,SourceForge
1.0,2.083333333333333,SourceForge
1.0,2.199074074074074,SourceForge
1.0,2.314814814814815,SourceForge
1.0,2.4305555555555554,SourceForge
1.0,2.546296296296296,SourceForge
1.0,2.662037037037037,SourceForge
1.0,2.7777777777777777,SourceForge
1.0,2.893518518518518,SourceForge
1.0,3.0092592592592586,SourceForge
1.0,3.125,SourceForge
1.0,3.2407407407407405,SourceForge
1.0,3.356481481481481,SourceForge
1.0,3.472222222222222,SourceForge
1.0,3.587962962962963,SourceForge
1.0,3.7037037037037033,SourceForge
1.0,3.819444444444444,SourceForge
1.0,3.9351851851851847,SourceForge
1.0,4.050925925925926,SourceForge
1.0,4.166666666666666,SourceForge
1.0,4.2824074074074066,SourceForge
1.0,4.398148148148148,SourceForge
1.0,4.513888888888888,SourceForge
1.0,4.62962962962963,SourceForge
1.0,4.74537037037037,SourceForge
1.0,4.861111111111111,SourceForge
1.0,4.976851851851851,SourceForge
1.0,5.092592592592593,SourceForge
1.0,5.208333333333333,SourceForge
1.0,5.3240740740740735,SourceForge
1.0,5.439814814814815,SourceForge
1.0,5.555555555555555,SourceForge
1.0,5.671296296296296,SourceForge
1.0,5.787037037037036,SourceForge
1.0,5.902777777777777,SourceForge
1.0,6.018518518518518,SourceForge
1.0,6.134259259259259,SourceForge
1.0,6.249999999999999,SourceForge
1.0,6.365740740740741,SourceForge
1.0,6.481481481481481,SourceForge
1.0,6.597222222222222,SourceForge
1.0,6.712962962962964,SourceForge
1.0,6.828703703703703,SourceForge
1.0,6.944444444444445,SourceForge
1.0,7.060185185185186,SourceForge
1.0,7.175925925925926,SourceForge
1.0,7.291666666666667,SourceForge
1.0,7.4074074074074066,SourceForge
1.0,7.523148148148148,SourceForge
1.0,7.638888888888889,SourceForge
1.0,7.75462962962963,SourceForge
1.0,7.87037037037037,SourceForge
1.0,7.986111111111111,SourceForge
1.0,8.101851851851851,SourceForge
1.0,8.217592592592593,SourceForge
1.0,8.333333333333332,SourceForge
1.0,8.449074074074074,SourceForge
1.0,8.564814814814815,SourceForge
1.0,8.680555555555555,SourceForge
1.0,8.796296296296296,SourceForge
1.0,8.912037037037038,SourceForge
1.0,9.027777777777777,SourceForge
1.0,9.143518518518519,SourceForge
1.0,9.25925925925926,SourceForge
1.0,9.375,SourceForge
1.0,9.49074074074074,SourceForge
1.0,9.606481481481481,SourceForge
1.0,9.722222222222223,SourceForge
1.0,9.837962962962962,SourceForge
1.0,9.953703703703704,SourceForge
1.0,10.069444444444445,SourceForge
1.0,10.185185185185185,SourceForge
1.0,10.300925925925926,SourceForge
1.0,10.416666666666668,SourceForge
1.0,10.532407407407407,SourceForge
1.0,10.648148148148149,SourceForge
1.0,10.76388888888889,SourceForge
1.0,10.87962962962963,SourceForge
1.0,10.99537037037037,SourceForge
1.0,11.11111111111111,SourceForge
1.0,11.226851851851851,SourceForge
1.0,11.342592592592593,SourceForge
1.0,11.458333333333332,SourceForge
1.0,11.574074074074074,SourceForge
1.0,11.689814814814813,SourceForge
1.0,11.805555555555555,SourceForge
1.0,11.921296296296296,SourceForge
1.0,12.037037037037036,SourceForge
1.0,12.152777777777777,SourceForge
1.0,12.268518518518519,SourceForge
1.0,12.38425925925926,SourceForge
1.0,12.5,SourceForge
1.0,12.61574074074074,SourceForge
1.0,12.731481481481483,SourceForge
1.0,12.847222222222221,SourceForge
1.0,12.962962962962962,SourceForge
1.0,13.078703703703704,SourceForge
1.0,13.194444444444445,SourceForge
1.0,13.310185185185187,SourceForge
1.0,13.425925925925924,SourceForge
1.0,13.541666666666666,SourceForge
1.0,13.657407407407407,SourceForge
1.0,13.773148148148149,SourceForge
1.0,13.88888888888889,SourceForge
1.0,14.004629629629632,SourceForge
1.0,14.120370370370368,SourceForge
1.0,14.23611111111111,SourceForge
1.0,14.351851851851851,SourceForge
1.0,14.467592592592593,SourceForge
1.0,14.583333333333334,SourceForge
1.0,14.699074074074073,SourceForge
1.0,14.814814814814813,SourceForge
1.0,14.930555555555555,SourceForge
1.0,15.046296296296296,SourceForge
1.0,15.162037037037038,SourceForge
1.0,15.277777777777777,SourceForge
1.0,15.393518518518517,SourceForge
1.0,15.50925925925926,SourceForge
1.0,15.625,SourceForge
1.0,15.74074074074074,SourceForge
1.0,15.85648148148148,SourceForge
1.0,15.972222222222221,SourceForge
1.0,16.087962962962962,SourceForge
1.0,16.203703703703702,SourceForge
1.0,16.319444444444446,SourceForge
1.0,16.435185185185187,SourceForge
1.0,16.550925925925924,SourceForge
1.0,16.666666666666664,SourceForge
1.0,16.78240740740741,SourceForge
1.0,16.89814814814815,SourceForge
1.0,17.01388888888889,SourceForge
1.0,17.129629629629626,SourceForge
1.0,17.24537037037037,SourceForge
1.0,17.36111111111111,SourceForge
1.0,17.47685185185185,SourceForge
1.0,17.59259259259259,SourceForge
1.0,17.708333333333336,SourceForge
1.0,17.824074074074073,SourceForge
1.0,17.939814814814813,SourceForge
1.0,18.055555555555554,SourceForge
1.0,18.171296296296298,SourceForge
1.0,18.287037037037038,SourceForge
1.0,18.402777777777775,SourceForge
1.0,18.51851851851852,SourceForge
1.0,18.63425925925926,SourceForge
1.0,18.75,SourceForge
1.0,18.86574074074074,SourceForge
1.0,18.98148148148148,SourceForge
1.0,19.09722222222222,SourceForge
1.0,19.212962962962962,SourceForge
1.0,19.328703703703702,SourceForge
1.0,19.444444444444446,SourceForge
1.0,19.560185185185183,SourceForge
1.0,19.675925925925924,SourceForge
1.0,19.791666666666664,SourceForge
1.0,19.90740740740741,SourceForge
1.0,20.02314814814815,SourceForge
1.0,20.13888888888889,SourceForge
1.0,20.254629629629626,SourceForge
1.0,20.37037037037037,SourceForge
1.0,20.48611111111111,SourceForge
1.0,20.60185185185185,SourceForge
1.0,20.71759259259259,SourceForge
1.0,20.833333333333332,SourceForge
1.0,20.949074074074073,SourceForge
1.0,21.064814814814813,SourceForge
1.0,21.180555555555554,SourceForge
1.0,21.296296296296298,SourceForge
1.0,21.412037037037038,SourceForge
1.0,21.527777777777775,SourceForge
1.0,21.64351851851852,SourceForge
1.0,21.75925925925926,SourceForge
1.0,21.875,SourceForge
1.0,21.99074074074074,SourceForge
1.0,22.10648148148148,SourceForge
1.0,22.22222222222222,SourceForge
1.0,22.337962962962962,SourceForge
1.0,22.453703703703702,SourceForge
1.0,22.569444444444446,SourceForge
1.0,22.685185185185183,SourceForge
1.0,22.800925925925924,SourceForge
1.0,22.916666666666664,SourceForge
1.0,23.03240740740741,SourceForge
1.0,23.14814814814815,SourceForge
1.0,23.263888888888886,SourceForge
1.0,23.379629629629626,SourceForge
1.0,23.49537037037037,SourceForge
1.0,23.61111111111111,SourceForge
1.0,23.72685185185185,SourceForge
1.0,23.84259259259259,SourceForge
1.0,23.958333333333332,SourceForge
1.0,24.074074074074073,SourceForge
1.0,24.189814814814813,SourceForge
1.0,24.305555555555554,SourceForge
1.0,24.421296296296298,SourceForge
1.0,24.537037037037035,SourceForge
1.0,24.652777777777775,SourceForge
1.0,24.76851851851852,SourceForge
1.0,24.88425925925926,SourceForge
1.0,25.0,SourceForge
1.0,25.115740740740737,SourceForge
1.0,25.231481481481477,SourceForge
1.0,25.34722222222222,SourceForge
1.0,25.46296296296296,SourceForge
1.0,25.5787037037037,SourceForge
1.0,25.694444444444443,SourceForge
1.0,25.81018518518518,SourceForge
1.0,25.925925925925924,SourceForge
1.0,26.041666666666664,SourceForge
1.0,26.1574074074074,SourceForge
1.0,26.273148148148145,SourceForge
1.0,26.388888888888886,SourceForge
1.0,26.504629629629626,SourceForge
1.0,26.620370370370367,SourceForge
1.0,26.736111111111104,SourceForge
1.0,26.851851851851848,SourceForge
1.0,26.967592592592588,SourceForge
1.0,27.083333333333332,SourceForge
1.0,27.19907407407407,SourceForge
1.0,27.31481481481481,SourceForge
1.0,27.430555555555554,SourceForge
1.0,27.54629629629629,SourceForge
1.0,27.662037037037035,SourceForge
1.0,27.777777777777775,SourceForge
1.0,27.89351851851852,SourceForge
1.0,28.009259259259256,SourceForge
1.0,28.124999999999993,SourceForge
1.0,28.240740740740737,SourceForge
1.0,28.356481481481477,SourceForge
1.0,28.47222222222222,SourceForge
1.0,28.58796296296296,SourceForge
1.0,28.7037037037037,SourceForge
1.0,28.819444444444443,SourceForge
1.0,28.93518518518518,SourceForge
1.0,29.050925925925924,SourceForge
1.0,29.166666666666664,SourceForge
1.0,29.2824074074074,SourceForge
1.0,29.398148148148145,SourceForge
1.0,29.513888888888886,SourceForge
1.0,29.629629629629626,SourceForge
1.0,29.745370370370367,SourceForge
1.0,29.861111111111104,SourceForge
1.0,29.976851851851848,SourceForge
1.0,30.092592592592588,SourceForge
1.0,30.208333333333332,SourceForge
1.0,30.32407407407407,SourceForge
1.0,30.43981481481481,SourceForge
1.0,30.555555555555554,SourceForge
1.0,30.67129629629629,SourceForge
1.0,30.787037037037035,SourceForge
1.0,30.902777777777775,SourceForge
1.0,31.018518518518512,SourceForge
1.0,31.134259259259256,SourceForge
1.0,31.249999999999993,SourceForge
1.0,31.365740740740737,SourceForge
1.0,31.481481481481477,SourceForge
1.0,31.597222222222214,SourceForge
1.0,31.71296296296296,SourceForge
1.0,31.8287037037037,SourceForge
1.0,31.944444444444443,SourceForge
1.0,32.06018518518518,SourceForge
1.0,32.175925925925924,SourceForge
1.0,32.291666666666664,SourceForge
1.0,32.407407407407405,SourceForge
1.0,32.523148148148145,SourceForge
1.0,32.638888888888886,SourceForge
1.0,32.754629629629626,SourceForge
1.0,32.87037037037037,SourceForge
1.0,32.98611111111111,SourceForge
1.0,33.10185185185185,SourceForge
1.0,33.21759259259259,SourceForge
1.0,33.33333333333333,SourceForge
1.0,33.44907407407407,SourceForge
1.0,33.56481481481481,SourceForge
1.0,33.68055555555555,SourceForge
1.0,33.79629629629629,SourceForge
1.0,33.91203703703704,SourceForge
1.0,34.02777777777777,SourceForge
1.0,34.14351851851851,SourceForge
1.0,34.25925925925925,SourceForge
1.0,34.37499999999999,SourceForge
1.0,34.49074074074074,SourceForge
1.0,34.606481481481474,SourceForge
1.0,34.722222222222214,SourceForge
1.0,34.83796296296296,SourceForge
1.0,34.953703703703695,SourceForge
1.0,35.06944444444444,SourceForge
1.0,35.18518518518518,SourceForge
1.0,35.300925925925924,SourceForge
1.0,35.416666666666664,SourceForge
1.0,35.532407407407405,SourceForge
1.0,35.648148148148145,SourceForge
1.0,35.763888888888886,SourceForge
1.0,35.879629629629626,SourceForge
1.0,35.99537037037037,SourceForge
1.0,36.11111111111111,SourceForge
1.0,36.22685185185185,SourceForge
1.0,36.34259259259259,SourceForge
1.0,36.45833333333333,SourceForge
1.0,36.57407407407407,SourceForge
1.0,36.68981481481481,SourceForge
1.0,36.80555555555555,SourceForge
1.0,36.92129629629629,SourceForge
1.0,37.03703703703704,SourceForge
1.0,37.15277777777777,SourceForge
1.0,37.26851851851851,SourceForge
1.0,37.38425925925925,SourceForge
1.0,37.49999999999999,SourceForge
1.0,37.61574074074074,SourceForge
1.0,37.731481481481474,SourceForge
1.0,37.847222222222214,SourceForge
1.0,37.96296296296296,SourceForge
1.0,38.078703703703695,SourceForge
1.0,38.19444444444444,SourceForge
1.0,38.31018518518518,SourceForge
1.0,38.42592592592592,SourceForge
1.0,38.541666666666664,SourceForge
1.0,38.657407407407405,SourceForge
1.0,38.773148148148145,SourceForge
1.0,38.888888888888886,SourceForge
1.0,39.00462962962962,SourceForge
1.0,39.12037037037037,SourceForge
1.0,39.23611111111111,SourceForge
1.0,39.35185185185185,SourceForge
1.0,39.46759259259259,SourceForge
1.0,39.58333333333333,SourceForge
1.0,39.69907407407407,SourceForge
1.0,39.81481481481481,SourceForge
1.0,39.93055555555555,SourceForge
1.0,40.04629629629629,SourceForge
1.0,40.16203703703704,SourceForge
1.0,40.27777777777777,SourceForge
1.0,40.39351851851851,SourceForge
1.0,40.50925925925925,SourceForge
1.0,40.62499999999999,SourceForge
1.0,40.74074074074074,SourceForge
1.0,40.856481481481474,SourceForge
1.0,40.972222222222214,SourceForge
1.0,41.08796296296296,SourceForge
1.0,41.203703703703695,SourceForge
1.0,41.31944444444444,SourceForge
1.0,41.43518518518518,SourceForge
1.0,41.55092592592592,SourceForge
1.0,41.666666666666664,SourceForge
1.0,41.782407407407405,SourceForge
1.0,41.898148148148145,SourceForge
1.0,42.013888888888886,SourceForge
1.0,42.12962962962962,SourceForge
1.0,42.24537037037037,SourceForge
1.0,42.36111111111111,SourceForge
1.0,42.47685185185185,SourceForge
1.0,42.59259259259259,SourceForge
1.0,42.70833333333333,SourceForge
1.0,42.82407407407407,SourceForge
1.0,42.93981481481481,SourceForge
1.0,43.05555555555555,SourceForge
1.0,43.17129629629629,SourceForge
1.0,43.28703703703704,SourceForge
1.0,43.40277777777777,SourceForge
1.0,43.51851851851851,SourceForge
1.0,43.63425925925925,SourceForge
1.0,43.74999999999999,SourceForge
1.0,43.86574074074074,SourceForge
1.0,43.981481481481474,SourceForge
1.0,44.097222222222214,SourceForge
1.0,44.21296296296296,SourceForge
1.0,44.328703703703695,SourceForge
1.0,44.44444444444444,SourceForge
1.0,44.56018518518518,SourceForge
1.0,44.67592592592592,SourceForge
1.0,44.791666666666664,SourceForge
1.0,44.907407407407405,SourceForge
1.0,45.023148148148145,SourceForge
1.0,45.138888888888886,SourceForge
1.0,45.25462962962962,SourceForge
1.0,45.37037037037037,SourceForge
1.0,45.48611111111111,SourceForge
1.0,45.60185185185185,SourceForge
1.0,45.71759259259259,SourceForge
1.0,45.83333333333333,SourceForge
1.0,45.94907407407407,SourceForge
1.0,46.06481481481481,SourceForge
1.0,46.18055555555555,SourceForge
1.0,46.29629629629629,SourceForge
1.0,46.41203703703703,SourceForge
1.0,46.52777777777777,SourceForge
1.0,46.64351851851851,SourceForge
1.0,46.75925925925925,SourceForge
1.0,46.87499999999999,SourceForge
1.0,46.99074074074074,SourceForge
1.0,47.106481481481474,SourceForge
1.0,47.222222222222214,SourceForge
1.0,47.33796296296296,SourceForge
1.0,47.453703703703695,SourceForge
1.0,47.56944444444444,SourceForge
1.0,47.68518518518518,SourceForge
1.0,47.80092592592592,SourceForge
1.0,47.916666666666664,SourceForge
1.0,48.032407407407405,SourceForge
1.0,48.148148148148145,SourceForge
1.0,48.263888888888886,SourceForge
1.0,48.37962962962962,SourceForge
1.0,48.49537037037037,SourceForge
1.0,48.61111111111111,SourceForge
1.0,48.72685185185185,SourceForge
1.0,48.84259259259259,SourceForge
1.0,48.95833333333333,SourceForge
1.0,49.07407407407407,SourceForge
1.0,49.18981481481481,SourceForge
1.0,49.30555555555555,SourceForge
1.0,49.42129629629629,SourceForge
1.0,49.53703703703703,SourceForge
1.0,49.65277777777777,SourceForge
1.0,49.76851851851851,SourceForge
1.0,49.88425925925925,SourceForge
1.0,49.99999999999999,SourceForge
1.0,50.11574074074075,SourceForge
1.0,50.231481481481474,SourceForge
1.0,50.34722222222222,SourceForge
1.0,50.46296296296296,SourceForge
1.0,50.57870370370371,SourceForge
1.0,50.69444444444444,SourceForge
1.0,50.81018518518518,SourceForge
1.0,50.92592592592593,SourceForge
1.0,51.041666666666664,SourceForge
1.0,51.157407407407405,SourceForge
1.0,51.27314814814815,SourceForge
1.0,51.388888888888886,SourceForge
1.0,51.504629629629626,SourceForge
1.0,51.620370370370374,SourceForge
1.0,51.736111111111114,SourceForge
1.0,51.85185185185185,SourceForge
1.0,51.967592592592595,SourceForge
1.0,52.083333333333336,SourceForge
1.0,52.19907407407407,SourceForge
1.0,52.31481481481482,SourceForge
1.0,52.43055555555556,SourceForge
1.0,52.546296296296305,SourceForge
1.0,52.66203703703704,SourceForge
1.0,52.77777777777778,SourceForge
1.0,52.893518518518526,SourceForge
1.0,53.00925925925925,SourceForge
1.0,53.125,SourceForge
1.0,53.24074074074075,SourceForge
1.0,53.356481481481474,SourceForge
1.0,53.47222222222222,SourceForge
1.0,53.58796296296296,SourceForge
1.0,53.70370370370371,SourceForge
1.0,53.81944444444444,SourceForge
1.0,53.93518518518518,SourceForge
1.0,54.05092592592593,SourceForge
1.0,54.166666666666664,SourceForge
1.0,54.282407407407405,SourceForge
1.0,54.39814814814815,SourceForge
1.0,54.513888888888886,SourceForge
1.0,54.629629629629626,SourceForge
1.0,54.745370370370374,SourceForge
1.0,54.861111111111114,SourceForge
1.0,54.97685185185185,SourceForge
1.0,55.092592592592595,SourceForge
1.0,55.208333333333336,SourceForge
1.0,55.32407407407407,SourceForge
1.0,55.43981481481482,SourceForge
1.0,55.55555555555556,SourceForge
1.0,55.671296296296305,SourceForge
1.0,55.78703703703704,SourceForge
1.0,55.90277777777778,SourceForge
1.0,56.018518518518526,SourceForge
1.0,56.13425925925925,SourceForge
1.0,56.25,SourceForge
1.0,56.36574074074075,SourceForge
1.0,56.481481481481474,SourceForge
1.0,56.59722222222222,SourceForge
1.0,56.71296296296296,SourceForge
1.0,56.82870370370371,SourceForge
1.0,56.94444444444444,SourceForge
1.0,57.06018518518518,SourceForge
1.0,57.17592592592593,SourceForge
1.0,57.291666666666664,SourceForge
1.0,57.407407407407405,SourceForge
1.0,57.52314814814815,SourceForge
1.0,57.638888888888886,SourceForge
1.0,57.754629629629626,SourceForge
1.0,57.870370370370374,SourceForge
1.0,57.986111111111114,SourceForge
1.0,58.10185185185185,SourceForge
1.0,58.217592592592595,SourceForge
1.0,58.333333333333336,SourceForge
1.0,58.44907407407407,SourceForge
1.0,58.56481481481482,SourceForge
1.0,58.68055555555556,SourceForge
1.0,58.79629629629629,SourceForge
1.0,58.91203703703704,SourceForge
1.0,59.02777777777778,SourceForge
1.0,59.143518518518526,SourceForge
1.0,59.25925925925925,SourceForge
1.0,59.375,SourceForge
1.0,59.49074074074075,SourceForge
1.0,59.606481481481474,SourceForge
1.0,59.72222222222222,SourceForge
1.0,59.83796296296296,SourceForge
1.0,59.95370370370371,SourceForge
1.0,60.06944444444444,SourceForge
1.0,60.18518518518518,SourceForge
1.0,60.30092592592593,SourceForge
1.0,60.416666666666664,SourceForge
1.0,60.532407407407405,SourceForge
1.0,60.64814814814815,SourceForge
1.0,60.763888888888886,SourceForge
1.0,60.879629629629626,SourceForge
1.0,60.995370370370374,SourceForge
1.0,61.111111111111114,SourceForge
1.0,61.22685185185185,SourceForge
1.0,61.342592592592595,SourceForge
1.0,61.458333333333336,SourceForge
1.0,61.57407407407407,SourceForge
1.0,61.68981481481482,SourceForge
1.0,61.80555555555556,SourceForge
1.0,61.92129629629629,SourceForge
1.0,62.03703703703704,SourceForge
1.0,62.15277777777778,SourceForge
1.0,62.268518518518526,SourceForge
1.0,62.38425925925925,SourceForge
1.0,62.5,SourceForge
1.0,62.61574074074075,SourceForge
1.0,62.731481481481474,SourceForge
1.0,62.84722222222222,SourceForge
1.0,62.96296296296296,SourceForge
1.0,63.078703703703695,SourceForge
1.0,63.19444444444444,SourceForge
1.0,63.31018518518518,SourceForge
1.0,63.42592592592593,SourceForge
1.0,63.541666666666664,SourceForge
1.0,63.657407407407405,SourceForge
1.0,63.77314814814815,SourceForge
1.0,63.888888888888886,SourceForge
1.0,64.00462962962963,SourceForge
1.0,64.12037037037037,SourceForge
1.0,64.23611111111111,SourceForge
1.0,64.35185185185185,SourceForge
1.0,64.4675925925926,SourceForge
1.0,64.58333333333334,SourceForge
1.0,64.69907407407408,SourceForge
1.0,64.81481481481481,SourceForge
1.0,64.93055555555556,SourceForge
1.0,65.04629629629629,SourceForge
1.0,65.16203703703704,SourceForge
1.0,65.27777777777779,SourceForge
1.0,65.39351851851852,SourceForge
1.0,65.50925925925925,SourceForge
1.0,65.625,SourceForge
1.0,65.74074074074075,SourceForge
1.0,65.85648148148148,SourceForge
1.0,65.97222222222221,SourceForge
1.0,66.08796296296296,SourceForge
1.0,66.2037037037037,SourceForge
1.0,66.31944444444444,SourceForge
1.0,66.43518518518519,SourceForge
1.0,66.55092592592592,SourceForge
1.0,66.66666666666666,SourceForge
1.0,66.7824074074074,SourceForge
1.0,66.89814814814815,SourceForge
1.0,67.01388888888889,SourceForge
1.0,67.12962962962963,SourceForge
1.0,67.24537037037037,SourceForge
1.0,67.36111111111111,SourceForge
1.0,67.47685185185185,SourceForge
1.0,67.5925925925926,SourceForge
1.0,67.70833333333334,SourceForge
1.0,67.82407407407408,SourceForge
1.0,67.93981481481481,SourceForge
1.0,68.05555555555556,SourceForge
1.0,68.17129629629629,SourceForge
1.0,68.28703703703704,SourceForge
1.0,68.40277777777779,SourceForge
1.0,68.51851851851852,SourceForge
1.0,68.63425925925925,SourceForge
1.0,68.75,SourceForge
1.0,68.86574074074075,SourceForge
1.0,68.98148148148148,SourceForge
1.0,69.09722222222221,SourceForge
1.0,69.21296296296296,SourceForge
1.0,69.3287037037037,SourceForge
1.0,69.44444444444444,SourceForge
1.0,69.56018518518519,SourceForge
1.0,69.67592592592592,SourceForge
1.0,69.79166666666666,SourceForge
1.0,69.9074074074074,SourceForge
1.0,70.02314814814815,SourceForge
1.0,70.13888888888889,SourceForge
1.0,70.25462962962963,SourceForge
1.0,70.37037037037037,SourceForge
1.0,70.48611111111111,SourceForge
1.0,70.60185185185185,SourceForge
1.0,70.7175925925926,SourceForge
1.0,70.83333333333334,SourceForge
1.0,70.94907407407408,SourceForge
1.0,71.06481481481481,SourceForge
1.0,71.18055555555556,SourceForge
1.0,71.29629629629629,SourceForge
1.0,71.41203703703704,SourceForge
1.0,71.52777777777779,SourceForge
1.0,71.64351851851852,SourceForge
1.0,71.75925925925925,SourceForge
1.0,71.875,SourceForge
1.0,71.99074074074075,SourceForge
1.0,72.10648148148148,SourceForge
1.0,72.22222222222221,SourceForge
1.0,72.33796296296296,SourceForge
1.0,72.4537037037037,SourceForge
1.0,72.56944444444444,SourceForge
1.0,72.68518518518519,SourceForge
1.0,72.80092592592592,SourceForge
1.0,72.91666666666666,SourceForge
1.0,73.0324074074074,SourceForge
1.0,73.14814814814815,SourceForge
1.0,73.26388888888889,SourceForge
1.0,73.37962962962963,SourceForge
1.0,73.49537037037037,SourceForge
1.0,73.6111111111111,SourceForge
1.0,73.72685185185185,SourceForge
1.0,73.8425925925926,SourceForge
1.0,73.95833333333334,SourceForge
1.0,74.07407407407408,SourceForge
1.0,74.18981481481481,SourceForge
1.0,74.30555555555556,SourceForge
1.0,74.42129629629629,SourceForge
1.0,74.53703703703704,SourceForge
1.0,74.65277777777779,SourceForge
1.0,74.76851851851852,SourceForge
1.0,74.88425925925925,SourceForge
1.0,75.0,SourceForge
1.0,75.11574074074075,SourceForge
1.0,75.23148148148148,SourceForge
1.0,75.34722222222221,SourceForge
1.0,75.46296296296296,SourceForge
1.0,75.5787037037037,SourceForge
1.0,75.69444444444444,SourceForge
1.0,75.81018518518519,SourceForge
1.0,75.92592592592592,SourceForge
1.0,76.04166666666666,SourceForge
1.0,76.1574074074074,SourceForge
1.0,76.27314814814815,SourceForge
1.0,76.38888888888889,SourceForge
1.0,76.50462962962963,SourceForge
1.0,76.62037037037037,SourceForge
1.0,76.7361111111111,SourceForge
1.0,76.85185185185185,SourceForge
1.0,76.9675925925926,SourceForge
1.0,77.08333333333334,SourceForge
1.0,77.19907407407408,SourceForge
1.0,77.31481481481481,SourceForge
1.0,77.43055555555556,SourceForge
1.0,77.54629629629629,SourceForge
1.0,77.66203703703704,SourceForge
1.0,77.77777777777779,SourceForge
1.0,77.8935185185185,SourceForge
1.0,78.00925925925925,SourceForge
1.0,78.125,SourceForge
1.0,78.24074074074075,SourceForge
1.0,78.35648148148148,SourceForge
1.0,78.47222222222221,SourceForge
1.0,78.58796296296296,SourceForge
1.0,78.7037037037037,SourceForge
1.0,78.81944444444444,SourceForge
1.0,78.93518518518519,SourceForge
1.0,79.05092592592592,SourceForge
1.0,79.16666666666666,SourceForge
1.0,79.2824074074074,SourceForge
1.0,79.39814814814815,SourceForge
1.0,79.51388888888889,SourceForge
1.0,79.62962962962963,SourceForge
1.0,79.74537037037037,SourceForge
1.0,79.8611111111111,SourceForge
1.0,79.97685185185185,SourceForge
1.0,80.0925925925926,SourceForge
1.0,80.20833333333334,SourceForge
1.0,80.32407407407408,SourceForge
1.0,80.43981481481481,SourceForge
1.0,80.55555555555556,SourceForge
1.0,80.67129629629629,SourceForge
1.0,80.78703703703704,SourceForge
1.0,80.90277777777779,SourceForge
1.0,81.0185185185185,SourceForge
1.0,81.13425925925925,SourceForge
1.0,81.25,SourceForge
1.0,81.36574074074075,SourceForge
1.0,81.48148148148148,SourceForge
1.0,81.59722222222221,SourceForge
1.0,81.71296296296296,SourceForge
1.0,81.8287037037037,SourceForge
1.0,81.94444444444444,SourceForge
1.0,82.06018518518519,SourceForge
1.0,82.17592592592592,SourceForge
1.0,82.29166666666666,SourceForge
1.0,82.4074074074074,SourceForge
1.0,82.52314814814815,SourceForge
1.0,82.63888888888889,SourceForge
1.0,82.75462962962963,SourceForge
1.0,82.87037037037037,SourceForge
1.0,82.9861111111111,SourceForge
1.0,83.10185185185185,SourceForge
1.0,83.2175925925926,SourceForge
1.0,83.33333333333334,SourceForge
1.0,83.44907407407408,SourceForge
1.0,83.56481481481481,SourceForge
1.0,83.68055555555556,SourceForge
1.0,83.79629629629629,SourceForge
1.0,83.91203703703704,SourceForge
1.0,84.02777777777779,SourceForge
1.0,84.1435185185185,SourceForge
2.0,84.25925925925925,SourceForge
2.0,84.375,SourceForge
2.0,84.49074074074075,SourceForge
2.0,84.60648148148148,SourceForge
2.0,84.72222222222221,SourceForge
2.0,84.83796296296296,SourceForge
2.0,84.9537037037037,SourceForge
2.0,85.06944444444444,SourceForge
2.0,85.18518518518519,SourceForge
2.0,85.30092592592592,SourceForge
2.0,85.41666666666666,SourceForge
2.0,85.5324074074074,SourceForge
2.0,85.64814814814815,SourceForge
2.0,85.76388888888889,SourceForge
2.0,85.87962962962963,SourceForge
2.0,85.99537037037037,SourceForge
2.0,86.1111111111111,SourceForge
2.0,86.22685185185185,SourceForge
2.0,86.3425925925926,SourceForge
2.0,86.45833333333334,SourceForge
2.0,86.57407407407408,SourceForge
2.0,86.68981481481481,SourceForge
2.0,86.80555555555556,SourceForge
2.0,86.92129629629629,SourceForge
2.0,87.03703703703704,SourceForge
2.0,87.15277777777779,SourceForge
2.0,87.2685185185185,SourceForge
2.0,87.38425925925925,SourceForge
2.0,87.5,SourceForge
2.0,87.61574074074075,SourceForge
2.0,87.73148148148148,SourceForge
2.0,87.84722222222221,SourceForge
2.0,87.96296296296296,SourceForge
2.0,88.0787037037037,SourceForge
2.0,88.19444444444444,SourceForge
2.0,88.31018518518519,SourceForge
2.0,88.42592592592592,SourceForge
2.0,88.54166666666666,SourceForge
2.0,88.6574074074074,SourceForge
2.0,88.77314814814815,SourceForge
2.0,88.88888888888889,SourceForge
2.0,89.00462962962963,SourceForge
2.0,89.12037037037037,SourceForge
2.0,89.2361111111111,SourceForge
2.0,89.35185185185185,SourceForge
2.0,89.4675925925926,SourceForge
2.0,89.58333333333334,SourceForge
2.0,89.69907407407408,SourceForge
2.0,89.81481481481481,SourceForge
2.0,89.93055555555556,SourceForge
2.0,90.04629629629629,SourceForge
2.0,90.16203703703704,SourceForge
2.0,90.27777777777779,SourceForge
2.0,90.3935185185185,SourceForge
2.0,90.50925925925925,SourceForge
2.0,90.625,SourceForge
2.0,90.74074074074075,SourceForge
2.0,90.85648148148148,SourceForge
2.0,90.97222222222221,SourceForge
2.0,91.08796296296296,SourceForge
2.0,91.2037037037037,SourceForge
2.0,91.31944444444444,SourceForge
2.0,91.43518518518519,SourceForge
2.0,91.55092592592592,SourceForge
2.0,91.66666666666666,SourceForge
2.0,91.7824074074074,SourceForge
2.0,91.89814814814815,SourceForge
2.0,92.01388888888889,SourceForge
2.0,92.12962962962963,SourceForge
2.0,92.24537037037037,SourceForge
2.0,92.3611111111111,SourceForge
2.0,92.47685185185185,SourceForge
2.0,92.5925925925926,SourceForge
2.0,92.70833333333333,SourceForge
2.0,92.82407407407408,SourceForge
2.0,92.93981481481481,SourceForge
2.0,93.05555555555556,SourceForge
2.0,93.17129629629629,SourceForge
2.0,93.28703703703704,SourceForge
2.0,93.40277777777779,SourceForge
2.0,93.5185185185185,SourceForge
2.0,93.63425925925925,SourceForge
2.0,93.75,SourceForge
2.0,93.86574074074075,SourceForge
2.0,93.98148148148148,SourceForge
2.0,94.09722222222221,SourceForge
2.0,94.21296296296296,SourceForge
2.0,94.3287037037037,SourceForge
2.0,94.44444444444444,SourceForge
2.0,94.56018518518519,SourceForge
2.0,94.67592592592592,SourceForge
2.0,94.79166666666666,SourceForge
2.0,94.9074074074074,SourceForge
2.0,95.02314814814815,SourceForge
2.0,95.13888888888889,SourceForge
3.0,95.25462962962963,SourceForge
3.0,95.37037037037037,SourceForge
3.0,95.4861111111111,SourceForge
3.0,95.60185185185185,SourceForge
3.0,95.7175925925926,SourceForge
3.0,95.83333333333333,SourceForge
3.0,95.94907407407408,SourceForge
3.0,96.06481481481481,SourceForge
3.0,96.18055555555556,SourceForge
3.0,96.29629629629629,SourceForge
3.0,96.41203703703704,SourceForge
3.0,96.52777777777779,SourceForge
3.0,96.6435185185185,SourceForge
3.0,96.75925925925925,SourceForge
3.0,96.875,SourceForge
3.0,96.99074074074075,SourceForge
3.0,97.10648148148148,SourceForge
3.0,97.22222222222221,SourceForge
3.0,97.33796296296296,SourceForge
3.0,97.4537037037037,SourceForge
3.0,97.56944444444444,SourceForge
3.0,97.68518518518519,SourceForge
4.0,97.80092592592592,SourceForge
4.0,97.91666666666666,SourceForge
4.0,98.0324074074074,SourceForge
4.0,98.14814814814815,SourceForge
4.0,98.26388888888889,SourceForge
4.0,98.37962962962963,SourceForge
4.0,98.49537037037037,SourceForge
4.0,98.6111111111111,SourceForge
4.0,98.72685185185185,SourceForge
4.0,98.8425925925926,SourceForge
4.0,98.95833333333333,SourceForge
4.0,99.07407407407408,SourceForge
4.0,99.18981481481481,SourceForge
5.0,99.30555555555556,SourceForge
5.0,99.42129629629629,SourceForge
5.0,99.53703703703704,SourceForge
5.0,99.65277777777779,SourceForge
5.0,99.7685185185185,SourceForge
6.0,99.88425925925925,SourceForge
6.0,100.0,SourceForge
0,0,GitHub
-inf,0.0,GitHub
1.0,0.07535795026375283,GitHub
1.0,0.15071590052750566,GitHub
1.0,0.22607385079125847,GitHub
1.0,0.30143180105501133,GitHub
1.0,0.37678975131876413,GitHub
1.0,0.45214770158251694,GitHub
1.0,0.5275056518462699,GitHub
1.0,0.6028636021100227,GitHub
1.0,0.6782215523737753,GitHub
1.0,0.7535795026375282,GitHub
1.0,0.8289374529012812,GitHub
1.0,0.9042954031650339,GitHub
1.0,0.9796533534287867,GitHub
1.0,1.0550113036925395,GitHub
1.0,1.1303692539562924,GitHub
1.0,1.2057272042200453,GitHub
1.0,1.281085154483798,GitHub
1.0,1.3564431047475507,GitHub
1.0,1.4318010550113036,GitHub
1.0,1.5071590052750565,GitHub
1.0,1.5825169555388092,GitHub
1.0,1.6578749058025624,GitHub
1.0,1.7332328560663153,GitHub
1.0,1.8085908063300677,GitHub
1.0,1.8839487565938209,GitHub
1.0,1.9593067068575738,GitHub
1.0,2.0346646571213265,GitHub
1.0,2.1100226073850794,GitHub
1.0,2.1853805576488323,GitHub
1.0,2.260738507912585,GitHub
1.0,2.3360964581763377,GitHub
1.0,2.4114544084400906,GitHub
1.0,2.4868123587038435,GitHub
1.0,2.5621703089675965,GitHub
1.0,2.637528259231349,GitHub
1.0,2.712886209495102,GitHub
1.0,2.7882441597588548,GitHub
1.0,2.8636021100226077,GitHub
1.0,2.9389600602863606,GitHub
1.0,3.014318010550113,GitHub
1.0,3.089675960813866,GitHub
1.0,3.1650339110776184,GitHub
1.0,3.2403918613413714,GitHub
1.0,3.315749811605124,GitHub
1.0,3.391107761868877,GitHub
1.0,3.4664657121326297,GitHub
1.0,3.5418236623963826,GitHub
1.0,3.6171816126601355,GitHub
1.0,3.6925395629238884,GitHub
1.0,3.767897513187641,GitHub
1.0,3.8432554634513942,GitHub
1.0,3.9186134137151467,GitHub
1.0,3.9939713639788996,GitHub
1.0,4.069329314242653,GitHub
1.0,4.1446872645064055,GitHub
1.0,4.220045214770158,GitHub
1.0,4.295403165033911,GitHub
1.0,4.370761115297664,GitHub
1.0,4.446119065561416,GitHub
1.0,4.521477015825169,GitHub
1.0,4.596834966088922,GitHub
1.0,4.672192916352675,GitHub
1.0,4.747550866616428,GitHub
1.0,4.822908816880181,GitHub
1.0,4.898266767143934,GitHub
1.0,4.973624717407686,GitHub
1.0,5.0489826676714396,GitHub
1.0,5.124340617935192,GitHub
1.0,5.1996985681989445,GitHub
1.0,5.275056518462698,GitHub
1.0,5.35041446872645,GitHub
1.0,5.425772418990203,GitHub
1.0,5.501130369253956,GitHub
1.0,5.5764883195177095,GitHub
1.0,5.651846269781462,GitHub
1.0,5.7272042200452145,GitHub
1.0,5.802562170308968,GitHub
1.0,5.87792012057272,GitHub
1.0,5.953278070836473,GitHub
1.0,6.028636021100226,GitHub
1.0,6.103993971363979,GitHub
1.0,6.179351921627731,GitHub
1.0,6.254709871891485,GitHub
1.0,6.330067822155237,GitHub
1.0,6.40542577241899,GitHub
1.0,6.480783722682744,GitHub
1.0,6.556141672946496,GitHub
1.0,6.631499623210249,GitHub
1.0,6.706857573474003,GitHub
1.0,6.782215523737754,GitHub
1.0,6.857573474001508,GitHub
1.0,6.932931424265261,GitHub
1.0,7.008289374529013,GitHub
1.0,7.083647324792766,GitHub
1.0,7.159005275056519,GitHub
1.0,7.234363225320271,GitHub
1.0,7.309721175584024,GitHub
1.0,7.385079125847778,GitHub
1.0,7.46043707611153,GitHub
1.0,7.5357950263752835,GitHub
1.0,7.611152976639037,GitHub
1.0,7.6865109269027885,GitHub
1.0,7.761868877166542,GitHub
1.0,7.837226827430295,GitHub
1.0,7.912584777694047,GitHub
1.0,7.9879427279578,GitHub
1.0,8.063300678221553,GitHub
1.0,8.138658628485306,GitHub
1.0,8.214016578749058,GitHub
1.0,8.289374529012813,GitHub
1.0,8.364732479276563,GitHub
1.0,8.440090429540318,GitHub
1.0,8.51544837980407,GitHub
1.0,8.590806330067823,GitHub
1.0,8.666164280331575,GitHub
1.0,8.741522230595328,GitHub
1.0,8.816880180859082,GitHub
1.0,8.892238131122834,GitHub
1.0,8.967596081386587,GitHub
1.0,9.04295403165034,GitHub
1.0,9.118311981914093,GitHub
1.0,9.193669932177844,GitHub
1.0,9.269027882441598,GitHub
1.0,9.34438583270535,GitHub
1.0,9.419743782969103,GitHub
1.0,9.495101733232856,GitHub
1.0,9.57045968349661,GitHub
1.0,9.645817633760362,GitHub
1.0,9.721175584024115,GitHub
1.0,9.79653353428787,GitHub
1.0,9.87189148455162,GitHub
1.0,9.947249434815374,GitHub
1.0,10.022607385079127,GitHub
1.0,10.097965335342879,GitHub
1.0,10.173323285606632,GitHub
1.0,10.248681235870386,GitHub
1.0,10.324039186134137,GitHub
1.0,10.39939713639789,GitHub
1.0,10.474755086661643,GitHub
1.0,10.550113036925396,GitHub
1.0,10.62547098718915,GitHub
1.0,10.700828937452902,GitHub
1.0,10.776186887716655,GitHub
1.0,10.851544837980407,GitHub
1.0,10.92690278824416,GitHub
1.0,11.002260738507912,GitHub
1.0,11.077618688771667,GitHub
1.0,11.152976639035419,GitHub
1.0,11.228334589299171,GitHub
1.0,11.303692539562924,GitHub
1.0,11.379050489826676,GitHub
1.0,11.45440844009043,GitHub
1.0,11.529766390354183,GitHub
1.0,11.605124340617936,GitHub
1.0,11.680482290881688,GitHub
1.0,11.755840241145442,GitHub
1.0,11.831198191409193,GitHub
1.0,11.906556141672947,GitHub
1.0,11.9819140919367,GitHub
1.0,12.057272042200452,GitHub
1.0,12.132629992464206,GitHub
1.0,12.207987942727959,GitHub
1.0,12.283345892991711,GitHub
1.0,12.358703843255464,GitHub
1.0,12.434061793519218,GitHub
1.0,12.509419743782967,GitHub
1.0,12.58477769404672,GitHub
1.0,12.660135644310474,GitHub
1.0,12.735493594574226,GitHub
1.0,12.810851544837979,GitHub
1.0,12.886209495101733,GitHub
1.0,12.961567445365485,GitHub
1.0,13.036925395629236,GitHub
1.0,13.112283345892992,GitHub
1.0,13.187641296156743,GitHub
1.0,13.262999246420495,GitHub
1.0,13.33835719668425,GitHub
1.0,13.413715146948002,GitHub
1.0,13.489073097211755,GitHub
1.0,13.564431047475509,GitHub
1.0,13.639788997739261,GitHub
1.0,13.715146948003012,GitHub
1.0,13.790504898266768,GitHub
1.0,13.865862848530519,GitHub
1.0,13.941220798794271,GitHub
1.0,14.016578749058025,GitHub
1.0,14.091936699321778,GitHub
1.0,14.16729464958553,GitHub
1.0,14.242652599849285,GitHub
1.0,14.318010550113037,GitHub
1.0,14.393368500376788,GitHub
1.0,14.468726450640542,GitHub
1.0,14.544084400904294,GitHub
1.0,14.619442351168047,GitHub
1.0,14.694800301431801,GitHub
1.0,14.770158251695554,GitHub
1.0,14.845516201959304,GitHub
1.0,14.92087415222306,GitHub
1.0,14.996232102486811,GitHub
1.0,15.071590052750564,GitHub
1.0,15.146948003014318,GitHub
1.0,15.22230595327807,GitHub
1.0,15.297663903541823,GitHub
1.0,15.373021853805577,GitHub
1.0,15.44837980406933,GitHub
1.0,15.52373775433308,GitHub
1.0,15.599095704596836,GitHub
1.0,15.674453654860587,GitHub
1.0,15.74981160512434,GitHub
1.0,15.825169555388094,GitHub
1.0,15.900527505651846,GitHub
1.0,15.975885455915598,GitHub
1.0,16.051243406179353,GitHub
1.0,16.126601356443103,GitHub
1.0,16.201959306706858,GitHub
1.0,16.277317256970612,GitHub
1.0,16.352675207234363,GitHub
1.0,16.428033157498113,GitHub
1.0,16.50339110776187,GitHub
1.0,16.578749058025622,GitHub
1.0,16.654107008289373,GitHub
1.0,16.729464958553127,GitHub
1.0,16.80482290881688,GitHub
1.0,16.88018085908063,GitHub
1.0,16.955538809344386,GitHub
1.0,17.03089675960814,GitHub
1.0,17.10625470987189,GitHub
1.0,17.18161266013564,GitHub
1.0,17.256970610399396,GitHub
1.0,17.33232856066315,GitHub
1.0,17.4076865109269,GitHub
1.0,17.483044461190655,GitHub
1.0,17.558402411454406,GitHub
1.0,17.63376036171816,GitHub
1.0,17.709118311981914,GitHub
1.0,17.784476262245665,GitHub
1.0,17.85983421250942,GitHub
1.0,17.935192162773173,GitHub
1.0,18.010550113036924,GitHub
1.0,18.085908063300675,GitHub
1.0,18.161266013564433,GitHub
1.0,18.236623963828183,GitHub
1.0,18.311981914091934,GitHub
1.0,18.38733986435569,GitHub
1.0,18.462697814619442,GitHub
1.0,18.538055764883193,GitHub
1.0,18.613413715146947,GitHub
1.0,18.6887716654107,GitHub
1.0,18.764129615674452,GitHub
1.0,18.839487565938207,GitHub
1.0,18.914845516201957,GitHub
1.0,18.99020346646571,GitHub
1.0,19.065561416729466,GitHub
1.0,19.140919366993216,GitHub
1.0,19.216277317256967,GitHub
1.0,19.291635267520725,GitHub
1.0,19.366993217784476,GitHub
1.0,19.442351168048226,GitHub
1.0,19.51770911831198,GitHub
1.0,19.593067068575735,GitHub
1.0,19.668425018839486,GitHub
1.0,19.74378296910324,GitHub
1.0,19.819140919366994,GitHub
1.0,19.894498869630745,GitHub
1.0,19.9698568198945,GitHub
1.0,20.04521477015825,GitHub
1.0,20.120572720422004,GitHub
1.0,20.195930670685758,GitHub
1.0,20.27128862094951,GitHub
1.0,20.346646571213263,GitHub
1.0,20.422004521477017,GitHub
1.0,20.497362471740768,GitHub
1.0,20.57272042200452,GitHub
1.0,20.648078372268273,GitHub
1.0,20.723436322532027,GitHub
1.0,20.798794272795778,GitHub
1.0,20.874152223059532,GitHub
1.0,20.949510173323286,GitHub
1.0,21.024868123587037,GitHub
1.0,21.10022607385079,GitHub
1.0,21.175584024114542,GitHub
1.0,21.250941974378296,GitHub
1.0,21.32629992464205,GitHub
1.0,21.4016578749058,GitHub
1.0,21.477015825169556,GitHub
1.0,21.55237377543331,GitHub
1.0,21.62773172569706,GitHub
1.0,21.70308967596081,GitHub
1.0,21.778447626224565,GitHub
1.0,21.85380557648832,GitHub
1.0,21.92916352675207,GitHub
1.0,22.004521477015825,GitHub
1.0,22.07987942727958,GitHub
1.0,22.15523737754333,GitHub
1.0,22.23059532780708,GitHub
1.0,22.305953278070838,GitHub
1.0,22.38131122833459,GitHub
1.0,22.45666917859834,GitHub
1.0,22.532027128862094,GitHub
1.0,22.607385079125848,GitHub
1.0,22.6827430293896,GitHub
1.0,22.758100979653353,GitHub
1.0,22.833458929917107,GitHub
1.0,22.908816880180858,GitHub
1.0,22.984174830444612,GitHub
1.0,23.059532780708363,GitHub
1.0,23.134890730972117,GitHub
1.0,23.21024868123587,GitHub
1.0,23.285606631499622,GitHub
1.0,23.360964581763373,GitHub
1.0,23.43632253202713,GitHub
1.0,23.51168048229088,GitHub
1.0,23.587038432554632,GitHub
1.0,23.662396382818386,GitHub
1.0,23.73775433308214,GitHub
1.0,23.81311228334589,GitHub
1.0,23.888470233609645,GitHub
1.0,23.9638281838734,GitHub
1.0,24.03918613413715,GitHub
1.0,24.114544084400904,GitHub
1.0,24.189902034664655,GitHub
1.0,24.26525998492841,GitHub
1.0,24.340617935192164,GitHub
1.0,24.415975885455914,GitHub
1.0,24.49133383571967,GitHub
1.0,24.566691785983423,GitHub
1.0,24.642049736247174,GitHub
1.0,24.717407686510924,GitHub
1.0,24.79276563677468,GitHub
1.0,24.868123587038433,GitHub
1.0,24.943481537302183,GitHub
1.0,25.01883948756594,GitHub
1.0,25.094197437829692,GitHub
1.0,25.169555388093446,GitHub
1.0,25.2449133383572,GitHub
1.0,25.320271288620948,GitHub
1.0,25.395629238884705,GitHub
1.0,25.47098718914846,GitHub
1.0,25.546345139412207,GitHub
1.0,25.62170308967596,GitHub
1.0,25.69706103993972,GitHub
1.0,25.772418990203466,GitHub
1.0,25.84777694046722,GitHub
1.0,25.923134890730974,GitHub
1.0,25.998492840994725,GitHub
1.0,26.07385079125848,GitHub
1.0,26.149208741522234,GitHub
1.0,26.224566691785984,GitHub
1.0,26.29992464204974,GitHub
1.0,26.375282592313493,GitHub
1.0,26.45064054257724,GitHub
1.0,26.525998492840998,GitHub
1.0,26.601356443104752,GitHub
1.0,26.6767143933685,GitHub
1.0,26.752072343632253,GitHub
1.0,26.82743029389601,GitHub
1.0,26.90278824415976,GitHub
1.0,26.978146194423513,GitHub
1.0,27.053504144687267,GitHub
1.0,27.128862094951018,GitHub
1.0,27.20422004521477,GitHub
1.0,27.279577995478526,GitHub
1.0,27.354935945742277,GitHub
1.0,27.43029389600603,GitHub
1.0,27.505651846269785,GitHub
1.0,27.581009796533536,GitHub
1.0,27.65636774679729,GitHub
1.0,27.731725697061044,GitHub
1.0,27.80708364732479,GitHub
1.0,27.882441597588546,GitHub
1.0,27.957799547852304,GitHub
1.0,28.03315749811605,GitHub
1.0,28.108515448379805,GitHub
1.0,28.18387339864356,GitHub
1.0,28.25923134890731,GitHub
1.0,28.334589299171064,GitHub
1.0,28.40994724943482,GitHub
1.0,28.48530519969857,GitHub
1.0,28.560663149962323,GitHub
1.0,28.636021100226078,GitHub
1.0,28.71137905048983,GitHub
1.0,28.786737000753583,GitHub
1.0,28.862094951017337,GitHub
1.0,28.937452901281084,GitHub
1.0,29.01281085154484,GitHub
1.0,29.088168801808596,GitHub
1.0,29.163526752072343,GitHub
1.0,29.238884702336097,GitHub
1.0,29.31424265259985,GitHub
1.0,29.389600602863602,GitHub
1.0,29.464958553127357,GitHub
1.0,29.54031650339111,GitHub
1.0,29.61567445365486,GitHub
1.0,29.691032403918616,GitHub
1.0,29.76639035418237,GitHub
1.0,29.84174830444612,GitHub
1.0,29.917106254709875,GitHub
1.0,29.99246420497363,GitHub
1.0,30.06782215523738,GitHub
1.0,30.143180105501134,GitHub
1.0,30.21853805576489,GitHub
1.0,30.293896006028636,GitHub
1.0,30.36925395629239,GitHub
1.0,30.444611906556148,GitHub
1.0,30.519969856819895,GitHub
1.0,30.59532780708365,GitHub
1.0,30.670685757347403,GitHub
1.0,30.746043707611154,GitHub
1.0,30.821401657874908,GitHub
1.0,30.896759608138662,GitHub
1.0,30.972117558402413,GitHub
1.0,31.047475508666167,GitHub
1.0,31.12283345892992,GitHub
1.0,31.198191409193672,GitHub
1.0,31.273549359457427,GitHub
1.0,31.34890730972118,GitHub
1.0,31.424265259984928,GitHub
1.0,31.499623210248686,GitHub
1.0,31.57498116051244,GitHub
1.0,31.650339110776187,GitHub
1.0,31.72569706103994,GitHub
1.0,31.801055011303696,GitHub
1.0,31.876412961567446,GitHub
1.0,31.9517709118312,GitHub
1.0,32.027128862094955,GitHub
1.0,32.102486812358705,GitHub
1.0,32.177844762622456,GitHub
1.0,32.253202712886214,GitHub
1.0,32.328560663149965,GitHub
1.0,32.403918613413715,GitHub
1.0,32.47927656367747,GitHub
1.0,32.554634513941224,GitHub
1.0,32.629992464204975,GitHub
1.0,32.70535041446873,GitHub
1.0,32.78070836473248,GitHub
1.0,32.856066314996234,GitHub
1.0,32.93142426525999,GitHub
1.0,33.00678221552374,GitHub
1.0,33.08214016578749,GitHub
1.0,33.15749811605125,GitHub
1.0,33.232856066314994,GitHub
1.0,33.30821401657875,GitHub
1.0,33.38357196684251,GitHub
1.0,33.45892991710625,GitHub
1.0,33.53428786737001,GitHub
1.0,33.60964581763376,GitHub
1.0,33.68500376789751,GitHub
1.0,33.76036171816127,GitHub
1.0,33.83571966842502,GitHub
1.0,33.91107761868877,GitHub
1.0,33.98643556895253,GitHub
1.0,34.06179351921628,GitHub
1.0,34.13715146948003,GitHub
1.0,34.21250941974379,GitHub
1.0,34.28786737000753,GitHub
1.0,34.36322532027129,GitHub
1.0,34.43858327053505,GitHub
1.0,34.51394122079879,GitHub
1.0,34.58929917106255,GitHub
1.0,34.6646571213263,GitHub
1.0,34.74001507159005,GitHub
1.0,34.81537302185381,GitHub
1.0,34.89073097211756,GitHub
1.0,34.96608892238131,GitHub
1.0,35.04144687264507,GitHub
1.0,35.11680482290882,GitHub
1.0,35.19216277317257,GitHub
1.0,35.26752072343633,GitHub
1.0,35.34287867370008,GitHub
1.0,35.41823662396383,GitHub
1.0,35.493594574227586,GitHub
1.0,35.56895252449134,GitHub
1.0,35.64431047475509,GitHub
1.0,35.71966842501884,GitHub
1.0,35.795026375282596,GitHub
1.0,35.87038432554635,GitHub
1.0,35.9457422758101,GitHub
1.0,36.021100226073855,GitHub
1.0,36.096458176337606,GitHub
1.0,36.17181612660136,GitHub
1.0,36.247174076865115,GitHub
1.0,36.322532027128865,GitHub
1.0,36.397889977392616,GitHub
1.0,36.473247927656374,GitHub
1.0,36.54860587792012,GitHub
1.0,36.623963828183875,GitHub
1.0,36.69932177844763,GitHub
1.0,36.77467972871138,GitHub
1.0,36.850037678975134,GitHub
1.0,36.92539562923889,GitHub
1.0,37.000753579502636,GitHub
1.0,37.07611152976639,GitHub
1.0,37.151469480030144,GitHub
1.0,37.226827430293895,GitHub
1.0,37.30218538055765,GitHub
1.0,37.3775433308214,GitHub
1.0,37.452901281085154,GitHub
1.0,37.52825923134891,GitHub
1.0,37.60361718161266,GitHub
1.0,37.67897513187641,GitHub
1.0,37.75433308214017,GitHub
1.0,37.82969103240392,GitHub
1.0,37.90504898266767,GitHub
1.0,37.98040693293142,GitHub
1.0,38.05576488319518,GitHub
1.0,38.13112283345893,GitHub
1.0,38.20648078372268,GitHub
1.0,38.28183873398644,GitHub
1.0,38.35719668425019,GitHub
1.0,38.43255463451394,GitHub
1.0,38.5079125847777,GitHub
1.0,38.58327053504145,GitHub
1.0,38.6586284853052,GitHub
1.0,38.73398643556896,GitHub
1.0,38.80934438583271,GitHub
1.0,38.88470233609646,GitHub
1.0,38.96006028636022,GitHub
1.0,39.03541823662396,GitHub
1.0,39.11077618688772,GitHub
1.0,39.18613413715148,GitHub
1.0,39.26149208741522,GitHub
1.0,39.33685003767898,GitHub
1.0,39.41220798794273,GitHub
1.0,39.48756593820648,GitHub
1.0,39.56292388847024,GitHub
1.0,39.63828183873399,GitHub
1.0,39.71363978899774,GitHub
1.0,39.7889977392615,GitHub
1.0,39.86435568952525,GitHub
1.0,39.939713639789,GitHub
1.0,40.015071590052756,GitHub
1.0,40.09042954031651,GitHub
1.0,40.16578749058026,GitHub
1.0,40.241145440844015,GitHub
1.0,40.316503391107766,GitHub
1.0,40.391861341371516,GitHub
1.0,40.46721929163527,GitHub
1.0,40.542577241899025,GitHub
1.0,40.617935192162776,GitHub
1.0,40.693293142426526,GitHub
1.0,40.768651092690284,GitHub
1.0,40.844009042954035,GitHub
1.0,40.919366993217785,GitHub
1.0,40.99472494348154,GitHub
1.0,41.070082893745294,GitHub
1.0,41.145440844009045,GitHub
1.0,41.2207987942728,GitHub
1.0,41.296156744536546,GitHub
1.0,41.371514694800304,GitHub
1.0,41.44687264506406,GitHub
1.0,41.522230595327805,GitHub
1.0,41.59758854559156,GitHub
1.0,41.67294649585532,GitHub
1.0,41.748304446119064,GitHub
1.0,41.82366239638282,GitHub
1.0,41.89902034664657,GitHub
1.0,41.974378296910324,GitHub
1.0,42.04973624717408,GitHub
1.0,42.12509419743783,GitHub
1.0,42.20045214770158,GitHub
1.0,42.27581009796534,GitHub
1.0,42.35116804822909,GitHub
1.0,42.42652599849284,GitHub
1.0,42.5018839487566,GitHub
1.0,42.57724189902035,GitHub
1.0,42.6525998492841,GitHub
1.0,42.72795779954785,GitHub
1.0,42.80331574981161,GitHub
1.0,42.87867370007536,GitHub
1.0,42.95403165033911,GitHub
1.0,43.02938960060287,GitHub
1.0,43.10474755086662,GitHub
1.0,43.18010550113037,GitHub
1.0,43.25546345139413,GitHub
1.0,43.33082140165788,GitHub
1.0,43.40617935192163,GitHub
1.0,43.48153730218538,GitHub
1.0,43.55689525244914,GitHub
1.0,43.63225320271289,GitHub
1.0,43.70761115297664,GitHub
1.0,43.78296910324039,GitHub
1.0,43.85832705350415,GitHub
1.0,43.9336850037679,GitHub
1.0,44.00904295403165,GitHub
1.0,44.08440090429541,GitHub
1.0,44.15975885455916,GitHub
1.0,44.23511680482291,GitHub
1.0,44.310474755086666,GitHub
1.0,44.38583270535042,GitHub
1.0,44.46119065561417,GitHub
1.0,44.536548605877925,GitHub
1.0,44.611906556141676,GitHub
1.0,44.68726450640543,GitHub
1.0,44.762622456669185,GitHub
1.0,44.83798040693293,GitHub
1.0,44.913338357196686,GitHub
1.0,44.988696307460444,GitHub
1.0,45.06405425772419,GitHub
1.0,45.139412207987945,GitHub
1.0,45.214770158251696,GitHub
1.0,45.29012810851545,GitHub
1.0,45.365486058779204,GitHub
1.0,45.440844009042955,GitHub
1.0,45.516201959306706,GitHub
1.0,45.591559909570464,GitHub
1.0,45.666917859834214,GitHub
1.0,45.742275810097965,GitHub
1.0,45.81763376036172,GitHub
1.0,45.89299171062547,GitHub
1.0,45.968349660889224,GitHub
1.0,46.04370761115298,GitHub
1.0,46.11906556141673,GitHub
1.0,46.19442351168048,GitHub
1.0,46.269781461944234,GitHub
1.0,46.34513941220799,GitHub
1.0,46.42049736247174,GitHub
1.0,46.49585531273549,GitHub
1.0,46.57121326299925,GitHub
1.0,46.646571213263,GitHub
1.0,46.72192916352675,GitHub
1.0,46.79728711379051,GitHub
1.0,46.87264506405426,GitHub
1.0,46.94800301431801,GitHub
1.0,47.02336096458177,GitHub
1.0,47.09871891484552,GitHub
1.0,47.17407686510927,GitHub
1.0,47.24943481537303,GitHub
1.0,47.32479276563677,GitHub
1.0,47.40015071590053,GitHub
1.0,47.47550866616429,GitHub
1.0,47.55086661642803,GitHub
1.0,47.62622456669179,GitHub
1.0,47.70158251695554,GitHub
1.0,47.77694046721929,GitHub
1.0,47.85229841748305,GitHub
1.0,47.9276563677468,GitHub
1.0,48.00301431801055,GitHub
1.0,48.07837226827431,GitHub
1.0,48.15373021853806,GitHub
1.0,48.22908816880181,GitHub
1.0,48.30444611906557,GitHub
1.0,48.37980406932932,GitHub
1.0,48.45516201959307,GitHub
1.0,48.530519969856826,GitHub
1.0,48.60587792012058,GitHub
1.0,48.68123587038433,GitHub
1.0,48.75659382064808,GitHub
1.0,48.831951770911836,GitHub
1.0,48.90730972117559,GitHub
1.0,48.98266767143934,GitHub
1.0,49.058025621703095,GitHub
1.0,49.133383571966846,GitHub
1.0,49.208741522230596,GitHub
1.0,49.284099472494354,GitHub
1.0,49.359457422758105,GitHub
1.0,49.434815373021856,GitHub
1.0,49.51017332328561,GitHub
1.0,49.58553127354936,GitHub
1.0,49.660889223813115,GitHub
1.0,49.73624717407687,GitHub
1.0,49.811605124340616,GitHub
1.0,49.886963074604374,GitHub
1.0,49.96232102486813,GitHub
1.0,50.03767897513187,GitHub
1.0,50.113036925395626,GitHub
1.0,50.188394875659384,GitHub
1.0,50.263752825923135,GitHub
1.0,50.33911077618689,GitHub
1.0,50.41446872645064,GitHub
1.0,50.4898266767144,GitHub
1.0,50.565184626978144,GitHub
1.0,50.640542577241895,GitHub
1.0,50.71590052750565,GitHub
1.0,50.79125847776941,GitHub
1.0,50.86661642803316,GitHub
1.0,50.94197437829692,GitHub
1.0,51.01733232856066,GitHub
1.0,51.09269027882441,GitHub
1.0,51.16804822908817,GitHub
1.0,51.24340617935192,GitHub
1.0,51.31876412961568,GitHub
1.0,51.39412207987944,GitHub
1.0,51.469480030143174,GitHub
1.0,51.54483798040693,GitHub
1.0,51.62019593067069,GitHub
1.0,51.69555388093444,GitHub
1.0,51.7709118311982,GitHub
1.0,51.84626978146195,GitHub
1.0,51.92162773172569,GitHub
1.0,51.99698568198945,GitHub
1.0,52.0723436322532,GitHub
1.0,52.14770158251696,GitHub
1.0,52.22305953278072,GitHub
1.0,52.29841748304447,GitHub
1.0,52.37377543330821,GitHub
1.0,52.44913338357197,GitHub
1.0,52.52449133383572,GitHub
1.0,52.59984928409948,GitHub
1.0,52.67520723436323,GitHub
1.0,52.750565184626986,GitHub
1.0,52.82592313489073,GitHub
1.0,52.90128108515448,GitHub
1.0,52.97663903541824,GitHub
1.0,53.051996985681996,GitHub
1.0,53.127354935945746,GitHub
1.0,53.202712886209504,GitHub
1.0,53.27807083647325,GitHub
1.0,53.353428786737,GitHub
1.0,53.428786737000756,GitHub
1.0,53.50414468726451,GitHub
1.0,53.579502637528265,GitHub
1.0,53.65486058779202,GitHub
1.0,53.730218538055766,GitHub
1.0,53.80557648831952,GitHub
1.0,53.880934438583274,GitHub
1.0,53.956292388847025,GitHub
1.0,54.03165033911078,GitHub
1.0,54.107008289374534,GitHub
1.0,54.18236623963828,GitHub
1.0,54.257724189902035,GitHub
1.0,54.333082140165786,GitHub
1.0,54.40844009042954,GitHub
1.0,54.4837980406933,GitHub
1.0,54.55915599095705,GitHub
1.0,54.634513941220796,GitHub
1.0,54.70987189148455,GitHub
1.0,54.785229841748304,GitHub
1.0,54.86058779201206,GitHub
1.0,54.93594574227581,GitHub
1.0,55.01130369253957,GitHub
1.0,55.086661642803314,GitHub
1.0,55.16201959306707,GitHub
1.0,55.23737754333082,GitHub
1.0,55.31273549359458,GitHub
1.0,55.38809344385833,GitHub
1.0,55.46345139412209,GitHub
1.0,55.53880934438583,GitHub
1.0,55.61416729464958,GitHub
1.0,55.68952524491334,GitHub
1.0,55.76488319517709,GitHub
1.0,55.84024114544085,GitHub
1.0,55.91559909570461,GitHub
1.0,55.99095704596835,GitHub
1.0,56.0663149962321,GitHub
1.0,56.14167294649586,GitHub
1.0,56.21703089675961,GitHub
1.0,56.29238884702337,GitHub
1.0,56.36774679728712,GitHub
2.0,56.44310474755086,GitHub
2.0,56.51846269781462,GitHub
2.0,56.59382064807838,GitHub
2.0,56.66917859834213,GitHub
2.0,56.744536548605886,GitHub
2.0,56.81989449886964,GitHub
2.0,56.89525244913338,GitHub
2.0,56.97061039939714,GitHub
2.0,57.04596834966089,GitHub
2.0,57.12132629992465,GitHub
2.0,57.1966842501884,GitHub
2.0,57.272042200452155,GitHub
2.0,57.3474001507159,GitHub
2.0,57.42275810097966,GitHub
2.0,57.49811605124341,GitHub
2.0,57.573474001507165,GitHub
2.0,57.648831951770916,GitHub
2.0,57.724189902034674,GitHub
2.0,57.79954785229842,GitHub
2.0,57.87490580256217,GitHub
2.0,57.950263752825926,GitHub
2.0,58.02562170308968,GitHub
2.0,58.100979653353434,GitHub
2.0,58.17633760361718,GitHub
2.0,58.251695553880936,GitHub
2.0,58.327053504144686,GitHub
2.0,58.402411454408444,GitHub
2.0,58.477769404672195,GitHub
2.0,58.55312735493595,GitHub
2.0,58.628485305199696,GitHub
2.0,58.703843255463454,GitHub
2.0,58.779201205727205,GitHub
2.0,58.85455915599096,GitHub
2.0,58.92991710625471,GitHub
2.0,59.00527505651847,GitHub
2.0,59.080633006782215,GitHub
2.0,59.155990957045965,GitHub
2.0,59.23134890730972,GitHub
2.0,59.306706857573474,GitHub
2.0,59.38206480783723,GitHub
2.0,59.45742275810099,GitHub
2.0,59.53278070836473,GitHub
2.0,59.608138658628484,GitHub
2.0,59.68349660889224,GitHub
2.0,59.75885455915599,GitHub
2.0,59.83421250941975,GitHub
2.0,59.9095704596835,GitHub
2.0,59.984928409947244,GitHub
2.0,60.060286360211,GitHub
2.0,60.13564431047476,GitHub
2.0,60.21100226073851,GitHub
2.0,60.28636021100227,GitHub
2.0,60.36171816126602,GitHub
2.0,60.43707611152976,GitHub
2.0,60.51243406179352,GitHub
2.0,60.58779201205727,GitHub
2.0,60.66314996232103,GitHub
2.0,60.73850791258478,GitHub
2.0,60.81386586284854,GitHub
2.0,60.88922381311228,GitHub
2.0,60.96458176337604,GitHub
2.0,61.03993971363979,GitHub
2.0,61.11529766390355,GitHub
2.0,61.1906556141673,GitHub
2.0,61.266013564431056,GitHub
2.0,61.3413715146948,GitHub
2.0,61.41672946495855,GitHub
2.0,61.49208741522231,GitHub
2.0,61.567445365486066,GitHub
2.0,61.642803315749816,GitHub
2.0,61.718161266013574,GitHub
2.0,61.79351921627732,GitHub
2.0,61.86887716654107,GitHub
2.0,61.944235116804826,GitHub
2.0,62.01959306706858,GitHub
2.0,62.094951017332335,GitHub
2.0,62.170308967596085,GitHub
2.0,62.24566691785983,GitHub
2.0,62.32102486812359,GitHub
2.0,62.396382818387345,GitHub
2.0,62.471740768651095,GitHub
2.0,62.54709871891485,GitHub
2.0,62.622456669178604,GitHub
2.0,62.69781461944235,GitHub
2.0,62.773172569706105,GitHub
2.0,62.848530519969856,GitHub
2.0,62.923888470233614,GitHub
2.0,62.99924642049737,GitHub
2.0,63.07460437076112,GitHub
2.0,63.149962321024866,GitHub
2.0,63.22532027128862,GitHub
2.0,63.300678221552374,GitHub
2.0,63.37603617181613,GitHub
2.0,63.45139412207988,GitHub
2.0,63.52675207234364,GitHub
2.0,63.602110022607384,GitHub
2.0,63.677467972871135,GitHub
2.0,63.75282592313489,GitHub
2.0,63.82818387339865,GitHub
2.0,63.9035418236624,GitHub
2.0,63.97889977392616,GitHub
2.0,64.0542577241899,GitHub
2.0,64.12961567445366,GitHub
2.0,64.20497362471741,GitHub
2.0,64.28033157498116,GitHub
2.0,64.35568952524491,GitHub
2.0,64.43104747550868,GitHub
2.0,64.50640542577241,GitHub
2.0,64.58176337603618,GitHub
2.0,64.65712132629993,GitHub
2.0,64.73247927656368,GitHub
2.0,64.80783722682743,GitHub
2.0,64.8831951770912,GitHub
2.0,64.95855312735493,GitHub
2.0,65.03391107761868,GitHub
2.0,65.10926902788245,GitHub
2.0,65.1846269781462,GitHub
2.0,65.25998492840995,GitHub
2.0,65.33534287867371,GitHub
2.0,65.41070082893745,GitHub
2.0,65.4860587792012,GitHub
2.0,65.56141672946497,GitHub
2.0,65.63677467972872,GitHub
2.0,65.71213262999247,GitHub
2.0,65.78749058025622,GitHub
2.0,65.86284853051997,GitHub
2.0,65.93820648078372,GitHub
2.0,66.01356443104748,GitHub
2.0,66.08892238131124,GitHub
2.0,66.16428033157499,GitHub
2.0,66.23963828183874,GitHub
2.0,66.31499623210249,GitHub
2.0,66.39035418236624,GitHub
2.0,66.46571213262999,GitHub
2.0,66.54107008289375,GitHub
2.0,66.6164280331575,GitHub
2.0,66.69178598342125,GitHub
2.0,66.767143933685,GitHub
2.0,66.84250188394876,GitHub
2.0,66.9178598342125,GitHub
2.0,66.99321778447627,GitHub
2.0,67.06857573474002,GitHub
2.0,67.14393368500377,GitHub
2.0,67.21929163526752,GitHub
2.0,67.29464958553127,GitHub
2.0,67.37000753579503,GitHub
2.0,67.44536548605879,GitHub
2.0,67.52072343632254,GitHub
2.0,67.59608138658629,GitHub
2.0,67.67143933685004,GitHub
2.0,67.7467972871138,GitHub
2.0,67.82215523737754,GitHub
2.0,67.8975131876413,GitHub
2.0,67.97287113790506,GitHub
2.0,68.0482290881688,GitHub
2.0,68.12358703843256,GitHub
2.0,68.19894498869631,GitHub
2.0,68.27430293896006,GitHub
2.0,68.34966088922381,GitHub
2.0,68.42501883948758,GitHub
2.0,68.50037678975131,GitHub
2.0,68.57573474001506,GitHub
2.0,68.65109269027883,GitHub
2.0,68.72645064054258,GitHub
2.0,68.80180859080633,GitHub
2.0,68.8771665410701,GitHub
2.0,68.95252449133383,GitHub
2.0,69.02788244159758,GitHub
2.0,69.10324039186135,GitHub
2.0,69.1785983421251,GitHub
2.0,69.25395629238885,GitHub
2.0,69.3293142426526,GitHub
2.0,69.40467219291635,GitHub
2.0,69.4800301431801,GitHub
2.0,69.55538809344387,GitHub
2.0,69.63074604370762,GitHub
2.0,69.70610399397137,GitHub
2.0,69.78146194423512,GitHub
2.0,69.85681989449887,GitHub
2.0,69.93217784476262,GitHub
2.0,70.00753579502637,GitHub
2.0,70.08289374529014,GitHub
2.0,70.15825169555389,GitHub
2.0,70.23360964581764,GitHub
2.0,70.30896759608139,GitHub
2.0,70.38432554634514,GitHub
2.0,70.45968349660889,GitHub
2.0,70.53504144687265,GitHub
2.0,70.6103993971364,GitHub
2.0,70.68575734740016,GitHub
2.0,70.7611152976639,GitHub
2.0,70.83647324792766,GitHub
2.0,70.91183119819141,GitHub
2.0,70.98718914845517,GitHub
2.0,71.06254709871892,GitHub
2.0,71.13790504898267,GitHub
2.0,71.21326299924642,GitHub
2.0,71.28862094951018,GitHub
2.0,71.36397889977393,GitHub
2.0,71.43933685003768,GitHub
2.0,71.51469480030144,GitHub
2.0,71.59005275056519,GitHub
2.0,71.66541070082893,GitHub
2.0,71.7407686510927,GitHub
2.0,71.81612660135644,GitHub
2.0,71.8914845516202,GitHub
2.0,71.96684250188396,GitHub
2.0,72.04220045214771,GitHub
2.0,72.11755840241145,GitHub
2.0,72.19291635267521,GitHub
2.0,72.26827430293896,GitHub
2.0,72.34363225320271,GitHub
2.0,72.41899020346648,GitHub
2.0,72.49434815373023,GitHub
2.0,72.56970610399397,GitHub
2.0,72.64506405425773,GitHub
2.0,72.72042200452148,GitHub
2.0,72.79577995478523,GitHub
2.0,72.87113790504898,GitHub
2.0,72.94649585531275,GitHub
2.0,73.02185380557648,GitHub
2.0,73.09721175584023,GitHub
2.0,73.172569706104,GitHub
2.0,73.24792765636775,GitHub
2.0,73.3232856066315,GitHub
2.0,73.39864355689527,GitHub
2.0,73.474001507159,GitHub
2.0,73.54935945742275,GitHub
2.0,73.62471740768652,GitHub
2.0,73.70007535795027,GitHub
2.0,73.77543330821402,GitHub
2.0,73.85079125847778,GitHub
2.0,73.92614920874152,GitHub
2.0,74.00150715900527,GitHub
2.0,74.07686510926904,GitHub
2.0,74.15222305953279,GitHub
2.0,74.22758100979654,GitHub
2.0,74.30293896006029,GitHub
2.0,74.37829691032404,GitHub
2.0,74.45365486058779,GitHub
2.0,74.52901281085154,GitHub
2.0,74.6043707611153,GitHub
2.0,74.67972871137906,GitHub
2.0,74.7550866616428,GitHub
2.0,74.83044461190656,GitHub
2.0,74.90580256217031,GitHub
2.0,74.98116051243406,GitHub
2.0,75.05651846269782,GitHub
2.0,75.13187641296157,GitHub
2.0,75.20723436322533,GitHub
2.0,75.28259231348908,GitHub
2.0,75.35795026375283,GitHub
2.0,75.43330821401658,GitHub
2.0,75.50866616428034,GitHub
2.0,75.58402411454409,GitHub
2.0,75.65938206480784,GitHub
2.0,75.7347400150716,GitHub
2.0,75.81009796533534,GitHub
2.0,75.8854559155991,GitHub
2.0,75.96081386586285,GitHub
2.0,76.03617181612661,GitHub
2.0,76.11152976639036,GitHub
2.0,76.18688771665411,GitHub
2.0,76.26224566691786,GitHub
2.0,76.33760361718161,GitHub
2.0,76.41296156744536,GitHub
2.0,76.48831951770913,GitHub
2.0,76.56367746797288,GitHub
2.0,76.63903541823662,GitHub
2.0,76.71439336850038,GitHub
2.0,76.78975131876413,GitHub
2.0,76.86510926902788,GitHub
2.0,76.94046721929165,GitHub
3.0,77.0158251695554,GitHub
3.0,77.09118311981914,GitHub
3.0,77.1665410700829,GitHub
3.0,77.24189902034665,GitHub
3.0,77.3172569706104,GitHub
3.0,77.39261492087415,GitHub
3.0,77.4679728711379,GitHub
3.0,77.54333082140165,GitHub
3.0,77.61868877166542,GitHub
3.0,77.69404672192917,GitHub
3.0,77.76940467219292,GitHub
3.0,77.84476262245667,GitHub
3.0,77.92012057272042,GitHub
3.0,77.99547852298417,GitHub
3.0,78.07083647324792,GitHub
3.0,78.14619442351169,GitHub
3.0,78.22155237377544,GitHub
3.0,78.29691032403919,GitHub
3.0,78.37226827430294,GitHub
3.0,78.44762622456669,GitHub
3.0,78.52298417483044,GitHub
3.0,78.5983421250942,GitHub
3.0,78.67370007535796,GitHub
3.0,78.74905802562171,GitHub
3.0,78.82441597588546,GitHub
3.0,78.89977392614921,GitHub
3.0,78.97513187641296,GitHub
3.0,79.05048982667672,GitHub
3.0,79.12584777694047,GitHub
3.0,79.20120572720423,GitHub
3.0,79.27656367746798,GitHub
3.0,79.35192162773173,GitHub
3.0,79.42727957799548,GitHub
3.0,79.50263752825923,GitHub
3.0,79.577995478523,GitHub
3.0,79.65335342878674,GitHub
3.0,79.72871137905048,GitHub
3.0,79.80406932931425,GitHub
3.0,79.879427279578,GitHub
3.0,79.95478522984175,GitHub
3.0,80.03014318010551,GitHub
3.0,80.10550113036926,GitHub
3.0,80.180859080633,GitHub
3.0,80.25621703089676,GitHub
3.0,80.33157498116051,GitHub
3.0,80.40693293142427,GitHub
3.0,80.48229088168803,GitHub
3.0,80.55764883195178,GitHub
3.0,80.63300678221552,GitHub
3.0,80.70836473247928,GitHub
3.0,80.78372268274303,GitHub
3.0,80.85908063300678,GitHub
3.0,80.93443858327053,GitHub
3.0,81.0097965335343,GitHub
3.0,81.08515448379804,GitHub
3.0,81.16051243406179,GitHub
3.0,81.23587038432555,GitHub
3.0,81.3112283345893,GitHub
3.0,81.38658628485305,GitHub
3.0,81.46194423511682,GitHub
3.0,81.53730218538055,GitHub
3.0,81.6126601356443,GitHub
3.0,81.68801808590807,GitHub
3.0,81.76337603617182,GitHub
3.0,81.83873398643557,GitHub
3.0,81.91409193669934,GitHub
3.0,81.98944988696307,GitHub
3.0,82.06480783722682,GitHub
3.0,82.14016578749059,GitHub
3.0,82.21552373775434,GitHub
3.0,82.29088168801809,GitHub
3.0,82.36623963828184,GitHub
3.0,82.44159758854559,GitHub
3.0,82.51695553880934,GitHub
3.0,82.59231348907309,GitHub
3.0,82.66767143933686,GitHub
3.0,82.74302938960061,GitHub
3.0,82.81838733986436,GitHub
3.0,82.89374529012811,GitHub
3.0,82.96910324039186,GitHub
3.0,83.04446119065561,GitHub
3.0,83.11981914091938,GitHub
3.0,83.19517709118313,GitHub
3.0,83.27053504144688,GitHub
3.0,83.34589299171063,GitHub
3.0,83.42125094197438,GitHub
3.0,83.49660889223813,GitHub
3.0,83.5719668425019,GitHub
3.0,83.64732479276564,GitHub
3.0,83.7226827430294,GitHub
3.0,83.79804069329315,GitHub
3.0,83.8733986435569,GitHub
3.0,83.94875659382065,GitHub
3.0,84.0241145440844,GitHub
3.0,84.09947249434816,GitHub
3.0,84.17483044461191,GitHub
3.0,84.25018839487566,GitHub
3.0,84.32554634513941,GitHub
3.0,84.40090429540317,GitHub
3.0,84.47626224566692,GitHub
3.0,84.55162019593068,GitHub
3.0,84.62697814619443,GitHub
3.0,84.70233609645817,GitHub
3.0,84.77769404672193,GitHub
3.0,84.85305199698568,GitHub
3.0,84.92840994724943,GitHub
3.0,85.0037678975132,GitHub
3.0,85.07912584777695,GitHub
3.0,85.15448379804069,GitHub
3.0,85.22984174830445,GitHub
3.0,85.3051996985682,GitHub
3.0,85.38055764883195,GitHub
3.0,85.4559155990957,GitHub
3.0,85.53127354935947,GitHub
3.0,85.6066314996232,GitHub
3.0,85.68198944988697,GitHub
3.0,85.75734740015072,GitHub
3.0,85.83270535041447,GitHub
3.0,85.90806330067822,GitHub
3.0,85.98342125094199,GitHub
3.0,86.05877920120572,GitHub
3.0,86.13413715146947,GitHub
3.0,86.20949510173324,GitHub
3.0,86.28485305199699,GitHub
3.0,86.36021100226074,GitHub
3.0,86.4355689525245,GitHub
3.0,86.51092690278824,GitHub
3.0,86.58628485305199,GitHub
3.0,86.66164280331576,GitHub
4.0,86.73700075357951,GitHub
4.0,86.81235870384326,GitHub
4.0,86.88771665410701,GitHub
4.0,86.96307460437076,GitHub
4.0,87.03843255463451,GitHub
4.0,87.11379050489828,GitHub
4.0,87.18914845516203,GitHub
4.0,87.26450640542578,GitHub
4.0,87.33986435568953,GitHub
4.0,87.41522230595328,GitHub
4.0,87.49058025621703,GitHub
4.0,87.56593820648078,GitHub
4.0,87.64129615674454,GitHub
4.0,87.7166541070083,GitHub
4.0,87.79201205727205,GitHub
4.0,87.8673700075358,GitHub
4.0,87.94272795779955,GitHub
4.0,88.0180859080633,GitHub
4.0,88.09344385832706,GitHub
4.0,88.16880180859081,GitHub
4.0,88.24415975885455,GitHub
4.0,88.31951770911832,GitHub
4.0,88.39487565938207,GitHub
4.0,88.47023360964582,GitHub
4.0,88.54559155990958,GitHub
4.0,88.62094951017333,GitHub
4.0,88.69630746043707,GitHub
4.0,88.77166541070083,GitHub
4.0,88.84702336096458,GitHub
4.0,88.92238131122834,GitHub
4.0,88.99773926149209,GitHub
4.0,89.07309721175585,GitHub
4.0,89.14845516201959,GitHub
4.0,89.22381311228335,GitHub
4.0,89.2991710625471,GitHub
4.0,89.37452901281085,GitHub
4.0,89.4498869630746,GitHub
4.0,89.52524491333837,GitHub
4.0,89.6006028636021,GitHub
4.0,89.67596081386586,GitHub
4.0,89.75131876412962,GitHub
4.0,89.82667671439337,GitHub
4.0,89.90203466465712,GitHub
4.0,89.97739261492089,GitHub
4.0,90.05275056518462,GitHub
4.0,90.12810851544837,GitHub
4.0,90.20346646571214,GitHub
4.0,90.27882441597589,GitHub
4.0,90.35418236623964,GitHub
4.0,90.42954031650339,GitHub
4.0,90.50489826676714,GitHub
4.0,90.5802562170309,GitHub
4.0,90.65561416729466,GitHub
4.0,90.73097211755841,GitHub
4.0,90.80633006782216,GitHub
4.0,90.88168801808591,GitHub
4.0,90.95704596834966,GitHub
4.0,91.03240391861341,GitHub
4.0,91.10776186887716,GitHub
4.0,91.18311981914093,GitHub
4.0,91.25847776940468,GitHub
4.0,91.33383571966843,GitHub
5.0,91.40919366993218,GitHub
5.0,91.48455162019593,GitHub
5.0,91.55990957045968,GitHub
5.0,91.63526752072345,GitHub
5.0,91.7106254709872,GitHub
5.0,91.78598342125095,GitHub
5.0,91.8613413715147,GitHub
5.0,91.93669932177845,GitHub
5.0,92.0120572720422,GitHub
5.0,92.08741522230596,GitHub
5.0,92.16277317256971,GitHub
5.0,92.23813112283347,GitHub
5.0,92.31348907309722,GitHub
5.0,92.38884702336097,GitHub
5.0,92.46420497362472,GitHub
5.0,92.53956292388847,GitHub
5.0,92.61492087415223,GitHub
5.0,92.69027882441598,GitHub
5.0,92.76563677467973,GitHub
5.0,92.84099472494349,GitHub
5.0,92.91635267520724,GitHub
5.0,92.99171062547099,GitHub
5.0,93.06706857573475,GitHub
5.0,93.1424265259985,GitHub
5.0,93.21778447626224,GitHub
5.0,93.293142426526,GitHub
5.0,93.36850037678975,GitHub
5.0,93.4438583270535,GitHub
5.0,93.51921627731727,GitHub
5.0,93.59457422758102,GitHub
5.0,93.66993217784476,GitHub
5.0,93.74529012810852,GitHub
5.0,93.82064807837227,GitHub
5.0,93.89600602863602,GitHub
5.0,93.97136397889977,GitHub
5.0,94.04672192916354,GitHub
5.0,94.12207987942728,GitHub
5.0,94.19743782969104,GitHub
5.0,94.27279577995479,GitHub
6.0,94.34815373021854,GitHub
6.0,94.42351168048229,GitHub
6.0,94.49886963074606,GitHub
6.0,94.5742275810098,GitHub
6.0,94.64958553127354,GitHub
6.0,94.72494348153731,GitHub
6.0,94.80030143180106,GitHub
6.0,94.87565938206481,GitHub
6.0,94.95101733232858,GitHub
6.0,95.02637528259231,GitHub
6.0,95.10173323285606,GitHub
6.0,95.17709118311983,GitHub
6.0,95.25244913338358,GitHub
6.0,95.32780708364733,GitHub
6.0,95.40316503391108,GitHub
6.0,95.47852298417483,GitHub
6.0,95.55388093443858,GitHub
6.0,95.62923888470235,GitHub
6.0,95.7045968349661,GitHub
6.0,95.77995478522985,GitHub
6.0,95.8553127354936,GitHub
6.0,95.93067068575735,GitHub
6.0,96.0060286360211,GitHub
6.0,96.08138658628485,GitHub
6.0,96.15674453654862,GitHub
6.0,96.23210248681237,GitHub
6.0,96.30746043707612,GitHub
6.0,96.38281838733987,GitHub
6.0,96.45817633760362,GitHub
6.0,96.53353428786737,GitHub
6.0,96.60889223813113,GitHub
7.0,96.68425018839488,GitHub
7.0,96.75960813865862,GitHub
7.0,96.83496608892239,GitHub
7.0,96.91032403918614,GitHub
7.0,96.98568198944989,GitHub
7.0,97.06103993971365,GitHub
7.0,97.1363978899774,GitHub
7.0,97.21175584024114,GitHub
7.0,97.2871137905049,GitHub
7.0,97.36247174076865,GitHub
7.0,97.4378296910324,GitHub
7.0,97.51318764129616,GitHub
7.0,97.58854559155992,GitHub
8.0,97.66390354182366,GitHub
8.0,97.73926149208741,GitHub
8.0,97.81461944235117,GitHub
8.0,97.88997739261492,GitHub
8.0,97.96533534287867,GitHub
9.0,98.04069329314244,GitHub
9.0,98.11605124340618,GitHub
9.0,98.19140919366993,GitHub
9.0,98.26676714393369,GitHub
10.0,98.34212509419744,GitHub
10.0,98.41748304446119,GitHub
10.0,98.49284099472496,GitHub
10.0,98.5681989449887,GitHub
10.0,98.64355689525244,GitHub
11.0,98.71891484551621,GitHub
12.0,98.79427279577996,GitHub
12.0,98.86963074604371,GitHub
13.0,98.94498869630746,GitHub
13.0,99.02034664657121,GitHub
14.0,99.09570459683496,GitHub
15.0,99.17106254709871,GitHub
15.0,99.24642049736248,GitHub
15.0,99.32177844762623,GitHub
15.0,99.39713639788998,GitHub
17.0,99.47249434815373,GitHub
19.0,99.54785229841748,GitHub
20.0,99.62321024868123,GitHub
21.0,99.698568198945,GitHub
23.0,99.77392614920875,GitHub
26.0,99.8492840994725,GitHub
26.0,99.92464204973625,GitHub
42.0,100.0,GitHub
0,0,GitLab
-inf,0.0,GitLab
1.0,12.5,GitLab
1.0,25.0,GitLab
1.0,37.5,GitLab
1.0,50.0,GitLab
2.0,62.5,GitLab
2.0,75.0,GitLab
2.0,87.5,GitLab
3.0,100.0,GitLab
0,0,Bitbucket
-inf,0.0,Bitbucket
1.0,1.25,Bitbucket
1.0,2.5,Bitbucket
1.0,3.7500000000000004,Bitbucket
1.0,5.0,Bitbucket
1.0,6.25,Bitbucket
1.0,7.5,Bitbucket
1.0,8.75,Bitbucket
1.0,10.0,Bitbucket
1.0,11.25,Bitbucket
1.0,12.5,Bitbucket
1.0,13.750000000000002,Bitbucket
1.0,15.000000000000002,Bitbucket
1.0,16.250000000000004,Bitbucket
1.0,17.5,Bitbucket
1.0,18.750000000000004,Bitbucket
1.0,20.0,Bitbucket
1.0,21.250000000000004,Bitbucket
1.0,22.500000000000004,Bitbucket
1.0,23.75,Bitbucket
1.0,25.0,Bitbucket
1.0,26.25,Bitbucket
1.0,27.500000000000004,Bitbucket
1.0,28.750000000000004,Bitbucket
1.0,30.000000000000004,Bitbucket
1.0,31.250000000000007,Bitbucket
1.0,32.5,Bitbucket
1.0,33.75,Bitbucket
1.0,35.0,Bitbucket
1.0,36.25000000000001,Bitbucket
1.0,37.50000000000001,Bitbucket
1.0,38.75,Bitbucket
1.0,40.0,Bitbucket
1.0,41.25,Bitbucket
1.0,42.50000000000001,Bitbucket
1.0,43.75000000000001,Bitbucket
1.0,45.0,Bitbucket
1.0,46.25,Bitbucket
1.0,47.5,Bitbucket
1.0,48.75000000000001,Bitbucket
1.0,50.0,Bitbucket
1.0,51.24999999999999,Bitbucket
1.0,52.5,Bitbucket
1.0,53.75,Bitbucket
1.0,54.99999999999999,Bitbucket
1.0,56.25,Bitbucket
1.0,57.49999999999999,Bitbucket
1.0,58.75,Bitbucket
1.0,60.0,Bitbucket
1.0,61.25000000000001,Bitbucket
1.0,62.5,Bitbucket
1.0,63.74999999999999,Bitbucket
1.0,65.0,Bitbucket
1.0,66.25,Bitbucket
1.0,67.5,Bitbucket
1.0,68.75,Bitbucket
1.0,70.0,Bitbucket
1.0,71.25,Bitbucket
1.0,72.5,Bitbucket
1.0,73.75,Bitbucket
1.0,75.0,Bitbucket
1.0,76.25,Bitbucket
1.0,77.5,Bitbucket
1.0,78.75,Bitbucket
1.0,80.0,Bitbucket
1.0,81.25,Bitbucket
1.0,82.5,Bitbucket
2.0,83.75,Bitbucket
2.0,85.0,Bitbucket
2.0,86.25,Bitbucket
2.0,87.5,Bitbucket
2.0,88.75,Bitbucket
2.0,90.0,Bitbucket
2.0,91.25,Bitbucket
2.0,92.5,Bitbucket
2.0,93.75,Bitbucket
2.0,95.0,Bitbucket
2.0,96.25,Bitbucket
2.0,97.5,Bitbucket
3.0,98.75,Bitbucket
5.0,100.0,Bitbucket
