Directory,Category,Mean,Median,StDev,Cut1,Cut2,Cut3,Percentage,Min,Max
2012-09,SourceForge,1.1578947368421053,1.0,0.4308080406248658,1.0,1.0,1.0,0.005740181268882176,1,3
2012-09,GitHub,1.2333333333333334,1.0,0.49553562491061687,1.0,1.0,1.0,0.004531722054380665,1,3
2012-09,GitLab,0,0,0,0,0,0,0,0,0
2012-09,Bitbucket,1.1428571428571428,1,0.3499271061118826,1.0,1.0,1.0,0.0010574018126888218,1,2
2010-08,SourceForge,1.1764705882352942,1.0,0.5128116404165498,1.0,1.0,1.0,0.006313834726090994,1,3
2010-08,GitHub,1,1.0,0.0,1.0,1.0,1.0,0.0003714020427112349,1,1
2010-08,GitLab,0,0,0,0,0,0,0,0,0
2010-08,Bitbucket,1,1.0,0.0,1.0,1.0,1.0,0.0003714020427112349,1,1
2017-10,SourceForge,1.178082191780822,1,0.7823824828106102,1.0,1.0,1.0,0.006283353417111379,1,7
2017-10,GitHub,1.6248587570621469,1,2.070359314687873,1.0,1.0,2.0,0.07617490101566535,1,45
2017-10,GitLab,1.125,1.0,0.33071891388307384,1.0,1.0,1.0,0.0006885866758478223,1,2
2017-10,Bitbucket,1.054054054054054,1,0.2261243314956961,1.0,1.0,1.0,0.0031847133757961785,1,2
2008-02,SourceForge,1.3333333333333333,1,0.4714045207910317,1.0,1.0,2.0,0.0020174848688634837,1,2
2008-02,GitHub,0,0,0,0,0,0,0,0,0
2008-02,GitLab,0,0,0,0,0,0,0,0,0
2008-02,Bitbucket,0,0,0,0,0,0,0,0,0
2012-05,SourceForge,1.2325581395348837,1,0.6037560458487056,1.0,1.0,1.0,0.006070016939582157,1,4
2012-05,GitHub,1.2352941176470589,1,0.42418250299576343,1.0,1.0,1.5,0.0023997741389045735,1,2
2012-05,GitLab,0,0,0,0,0,0,0,0,0
2012-05,Bitbucket,1,1,0.0,1.0,1.0,1.0,0.00042348955392433656,1,1
2016-02,SourceForge,1.1754385964912282,1,0.5338640019194013,1.0,1.0,1.0,0.0062465753424657535,1,4
2016-02,GitHub,1.5144508670520231,1.0,1.2794820864067087,1.0,1.0,2.0,0.03791780821917808,1,12
2016-02,GitLab,1,1,1,1,1,1,0.00010958904109589041,1,1
2016-02,Bitbucket,1.103448275862069,1,0.3045434781492361,1.0,1.0,1.0,0.0031780821917808217,1,2
2009-10,SourceForge,1.75,1.0,2.9895651857753496,1.0,1.0,1.0,0.004032935641068728,1,16
2009-10,GitHub,0,0,0,0,0,0,0,0,0
2009-10,GitLab,0,0,0,0,0,0,0,0,0
2009-10,Bitbucket,2,2,2,2,2,2,0.00016803898504453034,2,2
2013-01,SourceForge,1.196078431372549,1,0.4436748430974416,1.0,1.0,1.0,0.006595111858269753,1,3
2013-01,GitHub,1.375,1.0,0.8068715304598785,1.0,1.0,1.0,0.006207164101900944,1,4
2013-01,GitLab,0,0,0,0,0,0,0,0,0
2013-01,Bitbucket,1,1,0.0,1.0,1.0,1.0,0.000646579593948015,1,1
2009-06,SourceForge,1.088235294117647,1.0,0.2836367870880281,1.0,1.0,1.0,0.0060595259312065585,1,2
2009-06,GitHub,1.5,1.5,0.5,0.75,1.5,2.25,0.0003564427018356799,1,2
2009-06,GitLab,0,0,0,0,0,0,0,0,0
2009-06,Bitbucket,1,1,1,1,1,1,0.00017822135091783995,1,1
2017-06,SourceForge,1.0735294117647058,1.0,0.26100351984263015,1.0,1.0,1.0,0.006609642301710731,1,2
2017-06,GitHub,1.5075862068965518,1,1.178665683852936,1.0,1.0,2.0,0.07047045101088648,1,14
2017-06,GitLab,1.1111111111111112,1,0.3142696805273545,1.0,1.0,1.0,0.000874805598755832,1,2
2017-06,Bitbucket,1.1818181818181819,1,0.7158188976374374,1.0,1.0,1.0,0.0032076205287713843,1,5
2010-04,SourceForge,1.0740740740740742,1,0.2618914004394621,1.0,1.0,1.0,0.004831782390837509,1,2
2010-04,GitHub,0,0,0,0,0,0,0,0,0
2010-04,GitLab,0,0,0,0,0,0,0,0,0
2010-04,Bitbucket,0,0,0,0,0,0,0,0,0
2019-07,SourceForge,1.1754385964912282,1,0.4635033267937862,1.0,1.0,1.0,0.00418348623853211,1,3
2019-07,GitHub,1.8026809651474531,1,2.100604610419571,1.0,1.0,2.0,0.13688073394495412,1,34
2019-07,GitLab,1.3448275862068966,1,0.9201147630431954,1.0,1.0,1.0,0.0021284403669724773,1,5
2019-07,Bitbucket,1.0740740740740742,1.0,0.2618914004394621,1.0,1.0,1.0,0.003963302752293578,1,2
2015-11,SourceForge,1.0588235294117647,1,0.23529411764705882,1.0,1.0,1.0,0.005391690453536315,1,2
2015-11,GitHub,1.5222551928783383,1,1.4433754187892427,1.0,1.0,2.0,0.035627444761602706,1,21
2015-11,GitLab,1,1,1,1,1,1,0.0001057194206575748,1,1
2015-11,Bitbucket,1.0952380952380953,1,0.29354352395090366,1.0,1.0,1.0,0.0022201078338090706,1,2
2014-03,SourceForge,1.0757575757575757,1.0,0.3167355297025284,1.0,1.0,1.0,0.008108108108108109,1,3
2014-03,GitHub,1.2474226804123711,1,0.6426576237323175,1.0,1.0,1.0,0.011916461916461916,1,5
2014-03,GitLab,0,0,0,0,0,0,0,0,0
2014-03,Bitbucket,1,1,0.0,1.0,1.0,1.0,0.0008599508599508599,1,1
2007-07,SourceForge,1.1764705882352942,1,0.3812200410828153,1.0,1.0,1.0,0.0036332549690104724,1,2
2007-07,GitHub,0,0,0,0,0,0,0,0,0
2007-07,GitLab,0,0,0,0,0,0,0,0,0
2007-07,Bitbucket,0,0,0,0,0,0,0,0,0
2021-06,SourceForge,1.0555555555555556,1.0,0.2290614236454256,1.0,1.0,1.0,0.0033240997229916896,1,2
2021-06,GitHub,1.9243870967741936,1,3.3462100051465966,1.0,1.0,2.0,0.23853493382579255,1,160
2021-06,GitLab,1.2463768115942029,1,0.6682401091825219,1.0,1.0,1.0,0.004247460757156048,1,4
2021-06,Bitbucket,1.2941176470588236,1.0,0.7870051858976266,1.0,1.0,1.0,0.002092951677439212,1,5
2018-03,SourceForge,1.1071428571428572,1.0,0.30929478706587094,1.0,1.0,1.0,0.004847225828789059,1,2
2018-03,GitHub,1.606060606060606,1.0,2.0203683829302066,1.0,1.0,2.0,0.09711763178395222,1,42
2018-03,GitLab,1.125,1.0,0.33071891388307384,1.0,1.0,1.0,0.0006924608326841513,1,2
2018-03,Bitbucket,1.1290322580645162,1,0.4205937035614612,1.0,1.0,1.0,0.002683285726651086,1,3
2007-11,SourceForge,1.1176470588235294,1,0.32218973970892123,1.0,1.0,1.0,0.0033817386114979114,1,2
2007-11,GitHub,1,1,1,1,1,1,0.00019892580067634773,1,1
2007-11,GitLab,0,0,0,0,0,0,0,0,0
2007-11,Bitbucket,0,0,0,0,0,0,0,0,0
2021-10,SourceForge,1.1111111111111112,1,0.36126370402352515,1.0,1.0,1.0,0.003952569169960474,1,3
2021-10,GitHub,1.9588384550324218,1,2.8351965643712793,1.0,1.0,2.0,0.2225359181880921,1,72
2021-10,GitLab,1.203125,1.0,0.4736720747257537,1.0,1.0,1.0,0.00401530836313445,1,3
2021-10,Bitbucket,1.1764705882352942,1,0.4730328659535223,1.0,1.0,1.0,0.003199698851872765,1,3
2019-11,SourceForge,1.1333333333333333,1.0,0.38586123009300755,1.0,1.0,1.0,0.004514333007298171,1,3
2019-11,GitHub,1.7265625,1.0,2.0938520264320855,1.0,1.0,2.0,0.1540892333157776,1,71
2019-11,GitLab,1.3414634146341464,1,1.0026734044436323,1.0,1.0,1.0,0.0030847942216537506,1,6
2019-11,Bitbucket,1.0909090909090908,1,0.28747978728803447,1.0,1.0,1.0,0.0024828831540139942,1,2
2010-12,SourceForge,1.069767441860465,1,0.2547546779093796,1.0,1.0,1.0,0.007131011608623549,1,2
2010-12,GitHub,1.3333333333333333,1,0.4714045207910317,1.0,1.0,2.0,0.0004975124378109452,1,2
2010-12,GitLab,0,0,0,0,0,0,0,0,0
2010-12,Bitbucket,0,0,0,0,0,0,0,0,0
2015-07,SourceForge,1.1016949152542372,1,0.39893567104880745,1.0,1.0,1.0,0.0065621176732287845,1,3
2015-07,GitHub,1.361344537815126,1.0,0.7749339081276305,1.0,1.0,1.0,0.02647091535980425,1,6
2015-07,GitLab,1,1.0,0.0,1.0,1.0,1.0,0.00022244466688911134,1,1
2015-07,Bitbucket,1.0909090909090908,1.0,0.28747978728803447,1.0,1.0,1.0,0.0024468913357802245,1,2
2020-02,SourceForge,1.1451612903225807,1.0,0.39540808619778267,1.0,1.0,1.0,0.004796534117282996,1,3
2020-02,GitHub,1.7803138373751783,1,1.960439094224125,1.0,1.0,2.0,0.16269534272009903,1,34
2020-02,GitLab,1.1590909090909092,1.0,0.3657608395325246,1.0,1.0,1.0,0.0034039919542008354,1,2
2020-02,Bitbucket,1.2352941176470589,1.0,0.596993621476013,1.0,1.0,1.0,0.0026303574191551913,1,4
2020-03,SourceForge,1.2741935483870968,1.0,1.2070940156172683,1.0,1.0,1.0,0.004301970580072162,1,10
2020-03,GitHub,1.858385093167702,1,3.70504483460652,1.0,1.0,2.0,0.16756869275603664,1,144
2020-03,GitLab,1.4375,1.0,1.097463932588827,1.0,1.0,1.0,0.0033305578684429643,1,6
2020-03,Bitbucket,1.1818181818181819,1.0,0.4406981688560299,1.0,1.0,1.0,0.0030530113794060504,1,3
2019-10,SourceForge,1.0588235294117647,1,0.23529411764705882,1.0,1.0,1.0,0.003478142262838437,1,2
2019-10,GitHub,1.6488549618320612,1,1.5893398499307063,1.0,1.0,2.0,0.15187887881061174,1,41
2019-10,GitLab,7.2727272727272725,1.0,28.527788395594243,1.0,1.0,1.0,0.0015003750937734434,1,138
2019-10,Bitbucket,1.0714285714285714,1.0,0.25753937681885636,1.0,1.0,1.0,0.002864352451749301,1,2
2015-06,SourceForge,1.1216216216216217,1.0,0.40110329945015755,1.0,1.0,1.0,0.00803910917979359,1,3
2015-06,GitHub,1.5095057034220531,1,1.654267710139921,1.0,1.0,2.0,0.02857142857142857,1,24
2015-06,GitLab,1.3333333333333333,1,0.4714045207910317,1.0,1.0,2.0,0.00032590983161325367,1,2
2015-06,Bitbucket,1.45,1.0,0.7399324293474371,1.0,1.0,2.0,0.0021727322107550242,1,4
2021-11,SourceForge,1.25,1.0,1.299038105676658,1.0,1.0,1.0,0.0030635690579525147,1,10
2021-11,GitHub,1.8968595041322314,1,2.2436555299969076,1.0,1.0,2.0,0.19306867500638245,1,45
2021-11,GitLab,1.278688524590164,1,1.4272654989953388,1.0,1.0,1.0,0.003893285677814654,1,12
2021-11,Bitbucket,1.1428571428571428,1,0.5924697529522206,1.0,1.0,1.0,0.0022338524380903753,1,4
2018-02,SourceForge,1.1875,1.0,0.49607837082461076,1.0,1.0,1.0,0.006046291922531885,1,3
2018-02,GitHub,1.6638811513463323,1,1.7489418413239701,1.0,1.0,2.0,0.10174775625885688,1,32
2018-02,GitLab,1.0909090909090908,1,0.28747978728803447,1.0,1.0,1.0,0.0010392064241851677,1,2
2018-02,Bitbucket,1.1714285714285715,1,0.5062870041905528,1.0,1.0,1.0,0.0033065658951346244,1,3
2007-10,SourceForge,1,1,0.0,1.0,1.0,1.0,0.002524827470122875,1,1
2007-10,GitHub,0,0,0,0,0,0,0,0,0
2007-10,GitLab,0,0,0,0,0,0,0,0,0
2007-10,Bitbucket,0,0,0,0,0,0,0,0,0
2011-01,SourceForge,1.103448275862069,1,0.3045434781492361,1.0,1.0,1.0,0.004773662551440329,1,2
2011-01,GitHub,1,1,0.0,1.0,1.0,1.0,0.0004938271604938272,1,1
2011-01,GitLab,0,0,0,0,0,0,0,0,0
2011-01,Bitbucket,0,0,0,0,0,0,0,0,0
2021-07,SourceForge,1.328358208955224,1,2.083252764462721,1.0,1.0,1.0,0.004528250878615842,1,18
2021-07,GitHub,1.9064226519337018,1.0,2.2069735454248476,1.0,1.0,2.0,0.1957285752906191,1,44
2021-07,GitLab,1.16,1.0,0.5425863986500215,1.0,1.0,1.0,0.0033792917004595835,1,4
2021-07,Bitbucket,1.21875,1.0,0.6487668591258342,1.0,1.0,1.0,0.0021627466882941336,1,4
2014-02,SourceForge,1.0930232558139534,1,0.29046502318132084,1.0,1.0,1.0,0.005842391304347826,1,2
2014-02,GitHub,1.2183908045977012,1,0.7179998936432834,1.0,1.0,1.0,0.011820652173913043,1,6
2014-02,GitLab,0,0,0,0,0,0,0,0,0
2014-02,Bitbucket,1,1.0,0.0,1.0,1.0,1.0,0.0019021739130434783,1,1
2007-06,SourceForge,1.0666666666666667,1,0.24944382578492943,1.0,1.0,1.0,0.0033482142857142855,1,2
2007-06,GitHub,0,0,0,0,0,0,0,0,0
2007-06,GitLab,0,0,0,0,0,0,0,0,0
2007-06,Bitbucket,0,0,0,0,0,0,0,0,0
2010-05,SourceForge,1.5384615384615385,1.0,1.9261513885459869,1.0,1.0,1.0,0.004536730064561159,1,11
2010-05,GitHub,1,1.0,0.0,1.0,1.0,1.0,0.00034897923573547375,1,1
2010-05,GitLab,0,0,0,0,0,0,0,0,0
2010-05,Bitbucket,0,0,0,0,0,0,0,0,0
2019-06,SourceForge,1.290909090909091,1,1.1065544767056683,1.0,1.0,1.0,0.004456327985739751,1,8
2019-06,GitHub,1.7177131189382338,1,1.782865436670572,1.0,1.0,2.0,0.1587263004375304,1,52
2019-06,GitLab,1.0416666666666667,1.0,0.19982631347136331,1.0,1.0,1.0,0.0019445794846864365,1,2
2019-06,Bitbucket,1.0333333333333334,1.0,0.17950549357115014,1.0,1.0,1.0,0.0024307243558580457,1,2
2015-10,SourceForge,1.15625,1.0,0.5650981662507851,1.0,1.0,1.0,0.006946705741886465,1,5
2015-10,GitHub,1.3029045643153527,1,0.6141078838174274,1.0,1.0,1.0,0.02615868880929122,1,4
2015-10,GitLab,0,0,0,0,0,0,0,0,0
2015-10,Bitbucket,1.1904761904761905,1,0.392676726249301,1.0,1.0,1.0,0.0022793878215564964,1,2
2017-07,SourceForge,1.1571428571428573,1.0,0.7490129559381902,1.0,1.0,1.0,0.007021767479185475,1,7
2017-07,GitHub,1.5153846153846153,1.0,1.1836576214816168,1.0,1.0,2.0,0.07824255191092386,1,12
2017-07,GitLab,1.2,1,0.4,1.0,1.0,1.5,0.0005015548199418196,1,2
2017-07,Bitbucket,1.0303030303030303,1,0.17141982574219336,1.0,1.0,1.0,0.0033102618116160097,1,2
2012-12,SourceForge,1.088235294117647,1.0,0.2836367870880281,1.0,1.0,1.0,0.004884355696020686,1,2
2012-12,GitHub,1.2820512820512822,1,0.8755574912289166,1.0,1.0,1.0,0.00560264329837667,1,6
2012-12,GitLab,0,0,0,0,0,0,0,0,0
2012-12,Bitbucket,1,1.0,0.0,1.0,1.0,1.0,0.0002873150409423933,1,1
2009-07,SourceForge,1,1,0.0,1.0,1.0,1.0,0.00375,1,1
2009-07,GitHub,0,0,0,0,0,0,0,0,0
2009-07,GitLab,0,0,0,0,0,0,0,0,0
2009-07,Bitbucket,1,1.0,0.0,1.0,1.0,1.0,0.00035714285714285714,1,1
2016-03,SourceForge,1.0727272727272728,1,0.25968830649246727,1.0,1.0,1.0,0.005652039872572192,1,2
2016-03,GitHub,1.492537313432836,1.0,1.3237944970796092,1.0,1.0,2.0,0.04131127325043675,1,14
2016-03,GitLab,1.5,1.5,0.5,0.75,1.5,2.25,0.0002055287226389888,1,2
2016-03,Bitbucket,1.0588235294117647,1,0.23529411764705882,1.0,1.0,1.0,0.0017469941424314048,1,2
2009-11,SourceForge,1.0476190476190477,1,0.21295885499997996,1.0,1.0,1.0,0.0036694041586580466,1,2
2009-11,GitHub,1,1.0,0.0,1.0,1.0,1.0,0.00034946706272933774,1,1
2009-11,GitLab,0,0,0,0,0,0,0,0,0
2009-11,Bitbucket,1,1,1,1,1,1,0.00017473353136466887,1,1
2017-11,SourceForge,1.1228070175438596,1,0.5641380768706501,1.0,1.0,1.0,0.004923130074278805,1,5
2017-11,GitHub,1.615539858728557,1,1.6458738692000123,1.0,1.0,2.0,0.08559336673000519,1,24
2017-11,GitLab,1.0909090909090908,1,0.28747978728803447,1.0,1.0,1.0,0.0009500777336327518,1,2
2017-11,Bitbucket,1.1724137931034482,1,0.46005738152159775,1.0,1.0,1.0,0.0025047503886681637,1,3
2008-03,SourceForge,1.0434782608695652,1,0.20393111999232302,1.0,1.0,1.0,0.0050941306755260245,1,2
2008-03,GitHub,0,0,0,0,0,0,0,0,0
2008-03,GitLab,0,0,0,0,0,0,0,0,0
2008-03,Bitbucket,0,0,0,0,0,0,0,0,0
2012-04,SourceForge,1.1538461538461537,1.0,0.532938710021193,1.0,1.0,1.0,0.007739246911742819,1,4
2012-04,GitHub,1.3181818181818181,1.0,0.5548434370788047,1.0,1.0,2.0,0.003274296770352731,1,3
2012-04,GitLab,0,0,0,0,0,0,0,0,0
2012-04,Bitbucket,1,1.0,0.0,1.0,1.0,1.0,0.0002976633427593392,1,1
2010-09,SourceForge,1.3513513513513513,1,0.7431203829658118,1.0,1.0,1.0,0.005954296749275828,1,4
2010-09,GitHub,1,1,0.0,1.0,1.0,1.0,0.00048278081750885096,1,1
2010-09,GitLab,0,0,0,0,0,0,0,0,0
2010-09,Bitbucket,1,1,1,1,1,1,0.000160926939169617,1,1
2012-08,SourceForge,1.4736842105263157,1.0,2.086760800168317,1.0,1.0,1.0,0.00578915295551493,1,14
2012-08,GitHub,1.1428571428571428,1,0.3499271061118826,1.0,1.0,1.0,0.005332114564290067,1,2
2012-08,GitLab,0,0,0,0,0,0,0,0,0
2012-08,Bitbucket,1,1.0,0.0,1.0,1.0,1.0,0.0006093845216331506,1,1
2008-04,SourceForge,1.0555555555555556,1.0,0.2290614236454256,1.0,1.0,1.0,0.003676470588235294,1,2
2008-04,GitHub,0,0,0,0,0,0,0,0,0
2008-04,GitLab,0,0,0,0,0,0,0,0,0
2008-04,Bitbucket,0,0,0,0,0,0,0,0,0
2012-03,SourceForge,1.1282051282051282,1,0.3343180720616743,1.0,1.0,1.0,0.005657913825620194,1,2
2012-03,GitHub,1.2916666666666667,1.0,0.6757197808427856,1.0,1.0,1.0,0.003481793123458581,1,4
2012-03,GitLab,0,0,0,0,0,0,0,0,0
2012-03,Bitbucket,1,1,0.0,1.0,1.0,1.0,0.0004352241404323226,1,1
2013-11,SourceForge,1.1818181818181819,1,0.5077905470461433,1.0,1.0,1.0,0.0071633237822349575,1,3
2013-11,GitHub,1.3866666666666667,1,1.6804232271134025,1.0,1.0,1.0,0.00976816879395676,1,14
2013-11,GitLab,1,1,1,1,1,1,0.00013024225058609013,1,1
2013-11,Bitbucket,1.1428571428571428,1,0.3499271061118826,1.0,1.0,1.0,0.0009116957541026309,1,2
2016-04,SourceForge,1.0576923076923077,1.0,0.23316068563427195,1.0,1.0,1.0,0.00581460360058146,1,2
2016-04,GitHub,1.4077134986225894,1,1.189553244151678,1.0,1.0,1.0,0.04059040590405904,1,15
2016-04,GitLab,1.75,1.0,1.299038105676658,1.0,1.0,3.25,0.00044727720004472774,1,4
2016-04,Bitbucket,1.0789473684210527,1.0,0.2696565991042,1.0,1.0,1.0,0.004249133400424913,1,2
2013-07,SourceForge,1.3,1.0,0.9219544457292888,1.0,1.0,1.0,0.005935422602089269,1,7
2013-07,GitHub,1.3333333333333333,1.0,0.674948557710553,1.0,1.0,1.0,0.007122507122507123,1,4
2013-07,GitLab,0,0,0,0,0,0,0,0,0
2013-07,Bitbucket,2.142857142857143,2,1.2453996981544782,1.0,2.0,4.0,0.0008309591642924976,1,4
2016-12,SourceForge,1.1147540983606556,1,0.4088512758472107,1.0,1.0,1.0,0.006364774624373956,1,3
2016-12,GitHub,1.4898785425101215,1.0,1.1359504329229313,1.0,1.0,1.0,0.05154424040066778,1,9
2016-12,GitLab,1,1,0.0,1.0,1.0,1.0,0.000521702838063439,1,1
2016-12,Bitbucket,1.08,1,0.2712931993250107,1.0,1.0,1.0,0.0026085141903171953,1,2
2008-12,SourceForge,1,1.0,0.0,1.0,1.0,1.0,0.0019561815336463224,1,1
2008-12,GitHub,0,0,0,0,0,0,0,0,0
2008-12,GitLab,0,0,0,0,0,0,0,0,0
2008-12,Bitbucket,0,0,0,0,0,0,0,0,0
2019-01,SourceForge,1.2,1.0,0.48989794855663565,1.0,1.0,1.0,0.004337642057777392,1,3
2019-01,GitHub,1.7272727272727273,1.0,1.9485461133683404,1.0,1.0,2.0,0.11451375032532315,1,39
2019-01,GitLab,1.4,1.0,1.3190905958272918,1.0,1.0,1.0,0.0017350568231109568,1,7
2019-01,Bitbucket,1.2444444444444445,1,0.5639367795755342,1.0,1.0,1.0,0.003903877851999653,1,4
2010-02,SourceForge,1.2777777777777777,1.0,0.4479032082388083,1.0,1.0,2.0,0.0035749751737835156,1,2
2010-02,GitHub,0,0,0,0,0,0,0,0,0
2010-02,GitLab,0,0,0,0,0,0,0,0,0
2010-02,Bitbucket,0,0,0,0,0,0,0,0,0
2020-12,SourceForge,1.0634920634920635,1,0.30200472365778486,1.0,1.0,1.0,0.003972507724320575,1,3
2020-12,GitHub,1.8107373428474345,1,2.0641743463754367,1.0,1.0,2.0,0.1855728608361183,1,38
2020-12,GitLab,1.3214285714285714,1.0,1.2832317302301202,1.0,1.0,1.0,0.0035311179771738443,1,10
2020-12,Bitbucket,1.0952380952380953,1.0,0.3657688451366004,1.0,1.0,1.0,0.0026483384828803833,1,3
2014-05,SourceForge,1.1228070175438596,1,0.4980726163711716,1.0,1.0,1.0,0.007158106241366319,1,4
2014-05,GitHub,1.4761904761904763,1,1.1554857819507125,1.0,1.0,2.0,0.013185985181464271,1,8
2014-05,GitLab,1.3333333333333333,1,0.4714045207910317,1.0,1.0,2.0,0.00037674243375612206,1,2
2014-05,Bitbucket,1.2941176470588236,1,0.7487012977269327,1.0,1.0,1.0,0.0021348737912846917,1,4
2011-10,SourceForge,1.0769230769230769,1,0.2664693550105965,1.0,1.0,1.0,0.0056431775430473155,1,2
2011-10,GitHub,1.1111111111111112,1,0.3142696805273545,1.0,1.0,1.0,0.0013022717407032266,1,2
2011-10,GitLab,0,0,0,0,0,0,0,0,0
2011-10,Bitbucket,1,1,1,1,1,1,0.0001446968600781363,1,1
2011-06,SourceForge,1.15625,1.0,0.3630921887069453,1.0,1.0,1.0,0.00504334121355398,1,2
2011-06,GitHub,1,1,0.0,1.0,1.0,1.0,0.0014184397163120568,1,1
2011-06,GitLab,0,0,0,0,0,0,0,0,0
2011-06,Bitbucket,1,1,0.0,1.0,1.0,1.0,0.00047281323877068556,1,1
2018-05,SourceForge,1.1296296296296295,1.0,0.33589550272624175,1.0,1.0,1.0,0.004292869067493442,1,2
2018-05,GitHub,1.6213523131672598,1,1.5892341159073098,1.0,1.0,2.0,0.11169409333015343,1,39
2018-05,GitLab,1.2941176470588236,1,0.5703152773430975,1.0,1.0,1.5,0.0013514587805071945,1,3
2018-05,Bitbucket,1.0810810810810811,1,0.2729595929287048,1.0,1.0,1.0,0.002941410286986247,1,2
2015-01,SourceForge,1.0689655172413792,1.0,0.2533954906327426,1.0,1.0,1.0,0.007341772151898734,1,2
2015-01,GitHub,1.5210084033613445,1,1.2424477027412584,1.0,1.0,2.0,0.015063291139240506,1,9
2015-01,GitLab,0,0,0,0,0,0,0,0,0
2015-01,Bitbucket,1,1.0,0.0,1.0,1.0,1.0,0.0017721518987341772,1,1
2020-04,SourceForge,1.2857142857142858,1.0,0.6356741560367711,1.0,1.0,1.0,0.004662315172505661,1,4
2020-04,GitHub,1.8330935251798561,1.0,1.8995034750388575,1.0,1.0,2.0,0.18516051685093912,1,32
2020-04,GitLab,1.2727272727272727,1.0,0.8624393618641035,1.0,1.0,1.0,0.00293059810843213,1,6
2020-04,Bitbucket,1.1944444444444444,1.0,0.39577241246597245,1.0,1.0,1.0,0.002397762088717197,1,2
2008-08,SourceForge,1.2222222222222223,1,0.41573970964154905,1.0,1.0,1.5,0.002163981726376533,1,2
2008-08,GitHub,0,0,0,0,0,0,0,0,0
2008-08,GitLab,0,0,0,0,0,0,0,0,0
2008-08,Bitbucket,0,0,0,0,0,0,0,0,0
2016-08,SourceForge,1.240506329113924,1,1.1715530088269963,1.0,1.0,1.0,0.00877582759386803,1,11
2016-08,GitHub,1.4302059496567505,1,1.1291045453320716,1.0,1.0,1.0,0.04854476782937125,1,16
2016-08,GitLab,1,1.0,0.0,1.0,1.0,1.0,0.00022217285047767163,1,1
2016-08,Bitbucket,1.0512820512820513,1,0.3161237950240501,1.0,1.0,1.0,0.004332370584314597,1,3
2014-09,SourceForge,1.150943396226415,1,0.5954616542663962,1.0,1.0,1.0,0.006116560877091748,1,5
2014-09,GitHub,1.311926605504587,1,0.8746925824993048,1.0,1.0,1.0,0.01257934218118869,1,8
2014-09,GitLab,0,0,0,0,0,0,0,0,0
2014-09,Bitbucket,1.4285714285714286,1.0,1.2936264483053452,1.0,1.0,1.0,0.0016156953260242355,1,6
2018-09,SourceForge,1.1044776119402986,1,0.39148886712250747,1.0,1.0,1.0,0.006002508511019531,1,3
2018-09,GitHub,1.5981735159817352,1.0,1.368218190595482,1.0,1.0,2.0,0.11772083855939795,1,20
2018-09,GitLab,1.2352941176470589,1,0.42418250299576343,1.0,1.0,1.5,0.0015230245475721196,1,2
2018-09,Bitbucket,1.0888888888888888,1,0.3541639433446495,1.0,1.0,1.0,0.00403153556710267,1,3
2020-08,SourceForge,1.1967213114754098,1,0.6225192638048369,1.0,1.0,1.0,0.004427347946000871,1,4
2020-08,GitHub,1.7752066115702478,1.0,1.9125199071717367,1.0,1.0,2.0,0.17564232834954274,1,46
2020-08,GitLab,1.4047619047619047,1.0,1.328434879482221,1.0,1.0,1.0,0.0030483379300333866,1,9
2020-08,Bitbucket,1.2,1.0,0.4,1.0,1.0,1.0,0.002177384235738133,1,2
2020-09,SourceForge,1.2923076923076924,1,0.6256830586973156,1.0,1.0,1.0,0.0043856689831995145,1,4
2020-09,GitHub,1.8453528731199382,1,2.927652284511505,1.0,1.0,2.0,0.17495445651440525,1,87
2020-09,GitLab,1.2758620689655173,1.0,0.7142177647313096,1.0,1.0,1.0,0.003913366169624182,1,5
2020-09,Bitbucket,1.2,1,0.6863753427324666,1.0,1.0,1.0,0.003036232372984279,1,4
2018-08,SourceForge,1.0909090909090908,1,0.28747978728803447,1.0,1.0,1.0,0.00506399042445447,1,2
2018-08,GitHub,1.6913372582001682,1,1.4470528541804581,1.0,1.0,2.0,0.10947426572138845,1,18
2018-08,GitLab,1,1,0.0,1.0,1.0,1.0,0.0019335236166098885,1,1
2018-08,Bitbucket,1.0571428571428572,1,0.23211538298959886,1.0,1.0,1.0,0.003222539361016481,1,2
2014-08,SourceForge,1.0638297872340425,1,0.2444494743207672,1.0,1.0,1.0,0.006610407876230661,1,2
2014-08,GitHub,1.475609756097561,1.0,1.4247431069776852,1.0,1.0,1.0,0.011533052039381153,1,10
2014-08,GitLab,1,1.0,0.0,1.0,1.0,1.0,0.00028129395218002813,1,1
2014-08,Bitbucket,1.2,1.0,0.4,1.0,1.0,1.25,0.0014064697609001407,1,2
2016-09,SourceForge,1.1,1.0,0.3511884584284246,1.0,1.0,1.0,0.006086427267194157,1,3
2016-09,GitHub,1.4355179704016914,1,1.1246641952167973,1.0,1.0,1.0,0.04798133495638061,1,12
2016-09,GitLab,1,1.0,0.0,1.0,1.0,1.0,0.0002028809089064719,1,1
2016-09,Bitbucket,1.5357142857142858,1.0,2.2437555070707242,1.0,1.0,1.0,0.0028403327246906067,1,13
2008-09,SourceForge,1,1.0,0.0,1.0,1.0,1.0,0.00340522133938706,1,1
2008-09,GitHub,0,0,0,0,0,0,0,0,0
2008-09,GitLab,0,0,0,0,0,0,0,0,0
2008-09,Bitbucket,0,0,0,0,0,0,0,0,0
2020-05,SourceForge,1.1384615384615384,1,0.4923076923076923,1.0,1.0,1.0,0.004417261297995243,1,4
2020-05,GitHub,1.8576821442053606,1,2.0539483258634474,1.0,1.0,2.0,0.18002038735983691,1,35
2020-05,GitLab,1.3846153846153846,1.0,1.1792084397504532,1.0,1.0,1.0,0.0035338090383961944,1,7
2020-05,Bitbucket,1,1.0,0.0,1.0,1.0,1.0,0.0024464831804281344,1,1
2014-12,SourceForge,1.271186440677966,1,0.5471190641209821,1.0,1.0,1.0,0.006741316270566728,1,3
2014-12,GitHub,1.3428571428571427,1,0.8398250546685182,1.0,1.0,1.0,0.019995429616087752,1,7
2014-12,GitLab,0,0,0,0,0,0,0,0,0
2014-12,Bitbucket,1.4,1.0,0.916515138991168,1.0,1.0,1.25,0.0011425959780621572,1,4
2011-07,SourceForge,1.8055555555555556,1.0,3.6118588969335477,1.0,1.0,1.0,0.005965202982601492,1,23
2011-07,GitHub,1.0909090909090908,1,0.28747978728803447,1.0,1.0,1.0,0.0018227009113504556,1,2
2011-07,GitLab,0,0,0,0,0,0,0,0,0
2011-07,Bitbucket,0,0,0,0,0,0,0,0,0
2018-04,SourceForge,1.0476190476190477,1,0.2776643759450143,1.0,1.0,1.0,0.005554575912537472,1,3
2018-04,GitHub,1.590986394557823,1.0,1.554088434987041,1.0,1.0,2.0,0.10368541703403279,1,27
2018-04,GitLab,1.3076923076923077,1,0.7216024245882199,1.0,1.0,1.0,0.0011461823311585259,1,3
2018-04,Bitbucket,1.096774193548387,1,0.29565004483586066,1.0,1.0,1.0,0.0027332040204549463,1,2
2021-01,SourceForge,1.1818181818181819,1,0.47062469474708307,1.0,1.0,1.0,0.004316433840841312,1,3
2021-01,GitHub,1.8581405499781756,1,2.954691737626972,1.0,1.0,2.0,0.17979908962486266,1,94
2021-01,GitLab,2.276595744680851,1,6.967102415683308,1.0,1.0,1.0,0.0036885889185371214,1,49
2021-01,Bitbucket,1.2432432432432432,1,0.6326864816605203,1.0,1.0,1.0,0.0029037827656568827,1,4
2014-04,SourceForge,1.15,1.0,0.5107184482014855,1.0,1.0,1.0,0.007650133877342854,1,4
2014-04,GitHub,1.3394495412844036,1,0.7688927280644757,1.0,1.0,1.0,0.013897743210506184,1,5
2014-04,GitLab,0,0,0,0,0,0,0,0,0
2014-04,Bitbucket,1,1.0,0.0,1.0,1.0,1.0,0.0010200178503123804,1,1
2018-12,SourceForge,1.105263157894737,1,0.30689220499185793,1.0,1.0,1.0,0.004766284806421941,1,2
2018-12,GitHub,1.8195836545875097,1,3.1559055502465054,1.0,1.0,2.0,0.10845388410402207,1,85
2018-12,GitLab,1.25,1.0,0.82915619758885,1.0,1.0,1.0,0.001003428380299356,1,4
2018-12,Bitbucket,1.146341463414634,1,0.4167806705032942,1.0,1.0,1.0,0.0034283802993561336,1,3
2011-11,SourceForge,1.0465116279069768,1,0.21059035204970736,1.0,1.0,1.0,0.005884768030655536,1,2
2011-11,GitHub,1.1666666666666667,1.0,0.5,1.0,1.0,1.0,0.002463391268646503,1,3
2011-11,GitLab,0,0,0,0,0,0,0,0,0
2011-11,Bitbucket,1.3333333333333333,1,0.4714045207910317,1.0,1.0,2.0,0.0004105652114410839,1,2
2010-03,SourceForge,1,1.0,0.0,1.0,1.0,1.0,0.0032663726931242854,1,1
2010-03,GitHub,1,1.0,0.0,1.0,1.0,1.0,0.0006532745386248571,1,1
2010-03,GitLab,0,0,0,0,0,0,0,0,0
2010-03,Bitbucket,1,1,1,1,1,1,0.00016331863465621427,1,1
2017-01,SourceForge,1.0634920634920635,1,0.3933178315353609,1.0,1.0,1.0,0.0068672334859385216,1,4
2017-01,GitHub,1.8013392857142858,1.0,3.116531094575607,1.0,1.0,2.0,0.04883366034445171,1,36
2017-01,GitLab,1.3333333333333333,1.0,0.4714045207910317,1.0,1.0,2.0,0.0006540222367560497,1,2
2017-01,Bitbucket,1.0909090909090908,1.0,0.28747978728803447,1.0,1.0,1.0,0.002398081534772182,1,2
2013-06,SourceForge,1.225,1.0,0.6118619125260208,1.0,1.0,1.0,0.005768676088837612,1,4
2013-06,GitHub,1.3793103448275863,1.0,1.0310287163949001,1.0,1.0,1.0,0.008364580328814536,1,8
2013-06,GitLab,0,0,0,0,0,0,0,0,0
2013-06,Bitbucket,1.25,1.0,0.4330127018922193,1.0,1.0,1.75,0.0005768676088837611,1,2
2009-01,SourceForge,1.2,1,0.5416025603090641,1.0,1.0,1.0,0.0030187160394445564,1,3
2009-01,GitHub,0,0,0,0,0,0,0,0,0
2009-01,GitLab,0,0,0,0,0,0,0,0,0
2009-01,Bitbucket,0,0,0,0,0,0,0,0,0
2013-10,SourceForge,1.3846153846153846,1.0,1.6658775252082858,1.0,1.0,1.0,0.006023398586818024,1,12
2013-10,GitHub,1.2285714285714286,1.0,0.5649634266652911,1.0,1.0,1.0,0.008108421174562725,1,4
2013-10,GitLab,0,0,0,0,0,0,0,0,0
2013-10,Bitbucket,1.1428571428571428,1,0.3499271061118826,1.0,1.0,1.0,0.0008108421174562725,1,2
2016-05,SourceForge,1.0338983050847457,1,0.1809674280005307,1.0,1.0,1.0,0.006032719836400818,1,2
2016-05,GitHub,1.5337995337995338,1,1.4602422658466019,1.0,1.0,2.0,0.04386503067484662,1,17
2016-05,GitLab,1.5,1.0,0.8660254037844386,1.0,1.0,2.5,0.00040899795501022495,1,3
2016-05,Bitbucket,1.12,1,0.32496153618543844,1.0,1.0,1.0,0.002556237218813906,1,2
2008-05,SourceForge,1,1,0.0,1.0,1.0,1.0,0.003101736972704715,1,1
2008-05,GitHub,1,1,1,1,1,1,0.00020678246484698098,1,1
2008-05,GitLab,0,0,0,0,0,0,0,0,0
2008-05,Bitbucket,0,0,0,0,0,0,0,0,0
2012-02,SourceForge,1.135135135135135,1,0.34186785515333834,1.0,1.0,1.0,0.005545563549160672,1,2
2012-02,GitHub,1.1538461538461537,1,0.532938710021193,1.0,1.0,1.0,0.0019484412470023981,1,3
2012-02,GitLab,0,0,0,0,0,0,0,0,0
2012-02,Bitbucket,1,1,0.0,1.0,1.0,1.0,0.0004496402877697842,1,1
2020-06,SourceForge,1.1219512195121952,1.0,0.424558419159249,1.0,1.0,1.0,0.004855806241487535,1,4
2020-06,GitHub,1.804590570719603,1.0,1.9106021990170419,1.0,1.0,2.0,0.19091608929946113,1,38
2020-06,GitLab,1.3114754098360655,1,1.2084536061627615,1.0,1.0,1.0,0.0036122461064724345,1,9
2020-06,Bitbucket,1.0731707317073171,1,0.260416542732471,1.0,1.0,1.0,0.0024279031207437673,1,2
2015-03,SourceForge,1.1886792452830188,1,0.5513826111774512,1.0,1.0,1.0,0.005772162927466783,1,4
2015-03,GitHub,1.416184971098266,1,1.3256794137280041,1.0,1.0,1.0,0.018841211065127424,1,15
2015-03,GitLab,0,0,0,0,0,0,0,0,0
2015-03,Bitbucket,1.25,1.0,0.5951190357119042,1.0,1.0,1.0,0.001306904813766064,1,3
2018-07,SourceForge,1.125,1.0,0.5448623679425842,1.0,1.0,1.0,0.005365076703831,1,5
2018-07,GitHub,1.623015873015873,1.0,1.7741379618520525,1.0,1.0,2.0,0.10562494760667282,1,37
2018-07,GitLab,1.2666666666666666,1,0.4422166387140533,1.0,1.0,2.0,0.0012574398524603906,1,2
2018-07,Bitbucket,1.2790697674418605,1,0.6930076477093646,1.0,1.0,1.0,0.0036046609103864533,1,4
2011-04,SourceForge,1.08,1,0.2712931993250107,1.0,1.0,1.0,0.0043859649122807015,1,2
2011-04,GitHub,1.25,1.0,0.4330127018922193,1.0,1.0,1.75,0.0007017543859649122,1,2
2011-04,GitLab,0,0,0,0,0,0,0,0,0
2011-04,Bitbucket,1,1,1,1,1,1,0.00017543859649122806,1,1
2014-11,SourceForge,1.1538461538461537,1,0.4824330185186354,1.0,1.0,1.0,0.004880490551870855,1,3
2014-11,GitHub,1.4705882352941178,1.0,2.0362204624318796,1.0,1.0,1.0,0.01701914653985734,1,23
2014-11,GitLab,0,0,0,0,0,0,0,0,0
2014-11,Bitbucket,1,1.0,0.0,1.0,1.0,1.0,0.0012514078338130396,1,1
2021-02,SourceForge,1.1568627450980393,1,0.4140923937635858,1.0,1.0,1.0,0.003735716378552593,1,3
2021-02,GitHub,1.9573423933559835,1,3.3846287052530983,1.0,1.0,2.0,0.19403750366246703,1,117
2021-02,GitLab,1.1923076923076923,1.0,0.44021242854844606,1.0,1.0,1.0,0.003808965719308526,1,3
2021-02,Bitbucket,1.2325581395348837,1,0.5639235187433554,1.0,1.0,1.0,0.0031497216525051275,1,4
2011-12,SourceForge,1.125,1.0,0.3992179855667828,1.0,1.0,1.0,0.0062324711748208165,1,3
2011-12,GitHub,1.1666666666666667,1.0,0.37267799624996495,1.0,1.0,1.0,0.001869741352446245,1,2
2011-12,GitLab,0,0,0,0,0,0,0,0,0
2011-12,Bitbucket,0,0,0,0,0,0,0,0,0
2018-11,SourceForge,1.105263157894737,1.0,0.30689220499185793,1.0,1.0,1.0,0.005880532342927886,1,2
2018-11,GitHub,1.6294227188081936,1,1.7644966404742386,1.0,1.0,2.0,0.12465181058495822,1,33
2018-11,GitLab,1.2222222222222223,1.0,0.41573970964154905,1.0,1.0,1.25,0.001392757660167131,1,2
2018-11,Bitbucket,1.34,1.0,0.9297311439335568,1.0,1.0,1.0,0.00386877127824203,1,5
2014-07,SourceForge,1.2,1,0.5846521887568555,1.0,1.0,1.0,0.006449343339587242,1,4
2014-07,GitHub,1.3063063063063063,1,0.8882901156716032,1.0,1.0,1.0,0.013015947467166979,1,6
2014-07,GitLab,0,0,0,0,0,0,0,0,0
2014-07,Bitbucket,1.5,1.0,1.5,1.0,1.0,1.0,0.001876172607879925,1,7
2020-10,SourceForge,1.6133333333333333,1,3.448258819881258,1.0,1.0,1.0,0.004569270135250396,1,31
2020-10,GitHub,1.9007150715071508,1.0,2.4425836956458413,1.0,1.0,2.0,0.2215182161569392,1,95
2020-10,GitLab,1.1935483870967742,1.0,0.46968450898583985,1.0,1.0,1.0,0.003777263311806994,1,3
2020-10,Bitbucket,1.1914893617021276,1,0.5314891913530552,1.0,1.0,1.0,0.002863409284756915,1,3
2019-03,SourceForge,1.126984126984127,1,0.3776310239165181,1.0,1.0,1.0,0.004982600442897817,1,3
2019-03,GitHub,1.725327812284334,1,3.7778805269955287,1.0,1.0,2.0,0.11459981018664979,1,134
2019-03,GitLab,1.1176470588235294,1,0.32218973970892123,1.0,1.0,1.0,0.0013445112306232204,1,2
2019-03,Bitbucket,1.3714285714285714,1,1.2668456729940207,1.0,1.0,1.0,0.002768111357165454,1,8
2017-02,SourceForge,1.5,1.0,2.394317986544322,1.0,1.0,1.0,0.00651392632524708,1,19
2017-02,GitHub,1.6162361623616237,1.0,2.1648726651709707,1.0,1.0,2.0,0.06087151841868823,1,45
2017-02,GitLab,1.5,1.0,0.7637626158259734,1.0,1.0,2.25,0.0006738544474393531,1,3
2017-02,Bitbucket,1.0740740740740742,1,0.2618914004394621,1.0,1.0,1.0,0.003032345013477089,1,2
2008-10,SourceForge,1.0769230769230769,1,0.2664693550105965,1.0,1.0,1.0,0.0022526425229596257,1,2
2008-10,GitHub,1,1,1,1,1,1,0.00017328019407381737,1,1
2008-10,GitLab,0,0,0,0,0,0,0,0,0
2008-10,Bitbucket,0,0,0,0,0,0,0,0,0
2016-10,SourceForge,1.1090909090909091,1,0.3654500225862142,1.0,1.0,1.0,0.005451481811874319,1,3
2016-10,GitHub,1.5621621621621622,1,1.1829154740506518,1.0,1.0,2.0,0.055010407374368124,1,10
2016-10,GitLab,1,1.0,0.0,1.0,1.0,1.0,0.00019823570224997521,1,1
2016-10,Bitbucket,1.2142857142857142,1.0,0.4103259033241449,1.0,1.0,1.0,0.002775299831499653,1,2
2009-02,SourceForge,1.1428571428571428,1.0,0.3499271061118826,1.0,1.0,1.0,0.0028565598857376046,1,2
2009-02,GitHub,3,3,3,3,3,3,0.00020403999183840033,3,3
2009-02,GitLab,0,0,0,0,0,0,0,0,0
2009-02,Bitbucket,0,0,0,0,0,0,0,0,0
2013-05,SourceForge,1.1333333333333333,1,0.49888765156985887,1.0,1.0,1.0,0.006002400960384154,1,4
2013-05,GitHub,1.263157894736842,1.0,0.713929471907923,1.0,1.0,1.0,0.0050686941443243965,1,4
2013-05,GitLab,0,0,0,0,0,0,0,0,0
2013-05,Bitbucket,1.6666666666666667,2,0.4714045207910317,1.0,2.0,2.0,0.00040016006402561027,1,2
2016-06,SourceForge,1.3255813953488371,1,1.2889680428419552,1.0,1.0,1.0,0.004466140423764022,1,9
2016-06,GitHub,1.5383064516129032,1.0,1.2836378633212426,1.0,1.0,2.0,0.05151641046946406,1,11
2016-06,GitLab,1,1,0.0,1.0,1.0,1.0,0.0003115911923556294,1,1
2016-06,Bitbucket,1.2,1,0.48989794855663565,1.0,1.0,1.0,0.002596593269630245,1,3
2012-01,SourceForge,1.1578947368421053,1.0,0.5860804592452654,1.0,1.0,1.0,0.005696297406685654,1,4
2012-01,GitHub,1.1111111111111112,1.0,0.3142696805273545,1.0,1.0,1.0,0.002698246140008994,1,2
2012-01,GitLab,0,0,0,0,0,0,0,0,0
2012-01,Bitbucket,1.3333333333333333,1,0.4714045207910317,1.0,1.0,2.0,0.000449707690001499,1,2
2008-06,SourceForge,1.368421052631579,1,1.1337189067651587,1.0,1.0,1.0,0.0038198632891033374,1,6
2008-06,GitHub,0,0,0,0,0,0,0,0,0
2008-06,GitLab,0,0,0,0,0,0,0,0,0
2008-06,Bitbucket,0,0,0,0,0,0,0,0,0
2011-08,SourceForge,1.275,1.0,0.7411983540186797,1.0,1.0,1.0,0.00633813975598162,1,5
2011-08,GitHub,1.375,1.0,0.6959705453537527,1.0,1.0,1.75,0.0012676279511963239,1,3
2011-08,GitLab,0,0,0,0,0,0,0,0,0
2011-08,Bitbucket,0,0,0,0,0,0,0,0,0
2013-09,SourceForge,1.0612244897959184,1,0.2397416351932802,1.0,1.0,1.0,0.006143430290872618,1,2
2013-09,GitHub,1.3013698630136987,1,0.6555334856989259,1.0,1.0,1.0,0.00915245737211635,1,4
2013-09,GitLab,0,0,0,0,0,0,0,0,0
2013-09,Bitbucket,1.3636363636363635,1,0.48104569292083466,1.0,1.0,2.0,0.0013791374122367102,1,2
2013-08,SourceForge,1.0731707317073171,1,0.260416542732471,1.0,1.0,1.0,0.006017023774581743,1,2
2013-08,GitHub,1.5384615384615385,1.0,1.0462669622104188,1.0,1.0,2.0,0.007631347226298797,1,6
2013-08,GitLab,1,1,1,1,1,1,0.000146756677428823,1,1
2013-08,Bitbucket,1.4166666666666667,1.0,0.8620067027323833,1.0,1.0,1.75,0.0017610801291458762,1,4
2011-09,SourceForge,1.1025641025641026,1,0.30338870682562136,1.0,1.0,1.0,0.005639913232104121,1,2
2011-09,GitHub,1.0769230769230769,1,0.2664693550105965,1.0,1.0,1.0,0.0018799710773680404,1,2
2011-09,GitLab,0,0,0,0,0,0,0,0,0
2011-09,Bitbucket,1,1,1,1,1,1,0.00014461315979754158,1,1
2008-07,SourceForge,1.1666666666666667,1.0,0.37267799624996495,1.0,1.0,1.0,0.003505355404089581,1,2
2008-07,GitHub,0,0,0,0,0,0,0,0,0
2008-07,GitLab,0,0,0,0,0,0,0,0,0
2008-07,Bitbucket,0,0,0,0,0,0,0,0,0
2016-07,SourceForge,1.0169491525423728,1,0.12908090009938827,1.0,1.0,1.0,0.006632939853850478,1,2
2016-07,GitHub,1.450920245398773,1.0,1.0041550547636067,1.0,1.0,2.0,0.03664980326025857,1,9
2016-07,GitLab,1.5,1.5,0.5,1.0,1.5,2.0,0.00044969083754918494,1,2
2016-07,Bitbucket,1.173913043478261,1,0.6360321234055563,1.0,1.0,1.0,0.0025857223159078133,1,4
2013-12,SourceForge,1.1935483870967742,1.0,0.8198880662670216,1.0,1.0,1.0,0.00788002033553635,1,7
2013-12,GitHub,1.36,1,1.02813747459504,1.0,1.0,1.0,0.009532282663955262,1,7
2013-12,GitLab,0,0,0,0,0,0,0,0,0
2013-12,Bitbucket,1.1111111111111112,1,0.3142696805273545,1.0,1.0,1.0,0.0011438739196746315,1,2
2016-11,SourceForge,1.2419354838709677,1.0,0.6139634293765898,1.0,1.0,1.0,0.005988023952095809,1,4
2016-11,GitHub,1.5102685624012637,1,1.079891790220269,1.0,1.0,2.0,0.061135792930268495,1,12
2016-11,GitLab,1,1.0,0.0,1.0,1.0,1.0,0.00019316206297083252,1,1
2016-11,Bitbucket,1.1142857142857143,1,0.318157963590287,1.0,1.0,1.0,0.0033803361019895694,1,2
2009-03,SourceForge,1.25,1.0,0.4330127018922193,1.0,1.0,1.75,0.002886523543207649,1,2
2009-03,GitHub,3,3,3,3,3,3,0.00018040772145047808,3,3
2009-03,GitLab,0,0,0,0,0,0,0,0,0
2009-03,Bitbucket,0,0,0,0,0,0,0,0,0
2013-04,SourceForge,1.3064516129032258,1.0,1.2519495722790341,1.0,1.0,1.0,0.0076486553170490995,1,10
2013-04,GitHub,1.3617021276595744,1,0.8360375618888723,1.0,1.0,1.0,0.005798174191956575,1,5
2013-04,GitLab,0,0,0,0,0,0,0,0,0
2013-04,Bitbucket,1.1428571428571428,1,0.3499271061118826,1.0,1.0,1.0,0.0008635578583765112,1,2
2017-03,SourceForge,1.704225352112676,1,2.2100561856166965,1.0,1.0,1.0,0.006457480673033197,1,16
2017-03,GitHub,1.548168249660787,1,1.7942089971792807,1.0,1.0,2.0,0.06703046839472487,1,31
2017-03,GitLab,1.8,2,0.7483314773547883,1.0,2.0,2.5,0.00045475216007276033,1,3
2017-03,Bitbucket,1.119047619047619,1.0,0.3905052254013506,1.0,1.0,1.0,0.003819918144611187,1,3
2008-11,SourceForge,1.1333333333333333,1,0.49888765156985887,1.0,1.0,1.0,0.0031439949696080486,1,3
2008-11,GitHub,1,1,1,1,1,1,0.00020959966464053657,1,1
2008-11,GitLab,0,0,0,0,0,0,0,0,0
2008-11,Bitbucket,0,0,0,0,0,0,0,0,0
2010-01,SourceForge,3.0476190476190474,1,6.043305548299985,1.0,1.0,1.0,0.003844041735310269,1,24
2010-01,GitHub,1,1,0.0,1.0,1.0,1.0,0.0005491488193300384,1,1
2010-01,GitLab,0,0,0,0,0,0,0,0,0
2010-01,Bitbucket,1,1,1,1,1,1,0.00018304960644334616,1,1
2019-02,SourceForge,1.0338983050847457,1,0.25816180019877655,1.0,1.0,1.0,0.005225400761668586,1,3
2019-02,GitHub,1.7043664996420902,1,1.882158891621175,1.0,1.0,2.0,0.12372686210255956,1,40
2019-02,GitLab,1,1,0.0,1.0,1.0,1.0,0.0016827561774864937,1,1
2019-02,Bitbucket,1.2647058823529411,1.0,0.9174396447342483,1.0,1.0,1.0,0.003011247896554778,1,6
2020-11,SourceForge,1.144927536231884,1,0.3910358713980302,1.0,1.0,1.0,0.004614767255216694,1,3
2020-11,GitHub,1.7945062586926286,1.0,1.756722949463245,1.0,1.0,2.0,0.19234884965222043,1,24
2020-11,GitLab,1.1764705882352942,1,0.429586319611895,1.0,1.0,1.0,0.0034109149277688606,1,3
2020-11,Bitbucket,1.125,1.0,0.3886407938787006,1.0,1.0,1.0,0.0032102728731942215,1,3
2018-10,SourceForge,1.0677966101694916,1,0.2513965588845988,1.0,1.0,1.0,0.004391841595950573,1,2
2018-10,GitHub,1.7547683923705721,1.0,2.3480696201152798,1.0,1.0,2.0,0.1092749739467024,1,56
2018-10,GitLab,1.0588235294117647,1,0.23529411764705882,1.0,1.0,1.0,0.0012654458835789787,1,2
2018-10,Bitbucket,1.0833333333333333,1.0,0.2763853991962833,1.0,1.0,1.0,0.0026797677534613666,1,2
2014-06,SourceForge,1.1346153846153846,1.0,0.58929051715556,1.0,1.0,1.0,0.006617459913463986,1,5
2014-06,GitHub,1.4732142857142858,1.0,1.1949284305269636,1.0,1.0,1.0,0.014252990582845508,1,10
2014-06,GitLab,0,0,0,0,0,0,0,0,0
2014-06,Bitbucket,1.25,1.0,0.4330127018922193,1.0,1.0,1.75,0.0020361415118350726,1,2
2021-03,SourceForge,1.0625,1.0,0.29973947020704494,1.0,1.0,1.0,0.0037056337212668634,1,3
2021-03,GitHub,1.942049671709963,1,2.6930322164430573,1.0,1.0,2.0,0.20282554571246597,1,62
2021-03,GitLab,2.343283582089552,1,5.565223142073796,1.0,1.0,1.0,0.0038793353019512477,1,39
2021-03,Bitbucket,1.162162162162162,1,0.3685995053239421,1.0,1.0,1.0,0.0021423194951074053,1,2
2018-06,SourceForge,1.0425531914893618,1,0.20184751022351358,1.0,1.0,1.0,0.004066799342389894,1,2
2018-06,GitHub,1.5972994440031771,1,1.4989619967167152,1.0,1.0,2.0,0.1089383057886995,1,23
2018-06,GitLab,1.3571428571428572,1.0,1.2876968840942817,1.0,1.0,1.0,0.0012113870381586917,1,6
2018-06,Bitbucket,1.2448979591836735,1,0.9589665407731208,1.0,1.0,1.0,0.004239854633555421,1,7
2011-05,SourceForge,1.0588235294117647,1.0,0.23529411764705882,1.0,1.0,1.0,0.005345071529633706,1,2
2011-05,GitHub,1.2,1,0.4,1.0,1.0,1.5,0.0007860399308284861,1,2
2011-05,GitLab,0,0,0,0,0,0,0,0,0
2011-05,Bitbucket,1,1,1,1,1,1,0.00015720798616569723,1,1
2014-10,SourceForge,1.1666666666666667,1.0,0.4793724854411022,1.0,1.0,1.0,0.007450050795800881,1,3
2014-10,GitHub,1.6865671641791045,1.0,3.682183628682812,1.0,1.0,1.0,0.01512586070662603,1,43
2014-10,GitLab,0,0,0,0,0,0,0,0,0
2014-10,Bitbucket,1.411764705882353,1,1.0323487514578966,1.0,1.0,1.0,0.0019189524777062873,1,5
2015-02,SourceForge,1.0508474576271187,1,0.21968612536975798,1.0,1.0,1.0,0.007340134361781538,1,2
2015-02,GitHub,1.281767955801105,1,1.0889445299230869,1.0,1.0,1.0,0.022518039313262007,1,14
2015-02,GitLab,0,0,0,0,0,0,0,0,0
2015-02,Bitbucket,1.15,1.0,0.47696960070847283,1.0,1.0,1.0,0.002488181139586962,1,3
2020-07,SourceForge,1.1142857142857143,1.0,0.318157963590287,1.0,1.0,1.0,0.004512344485270418,1,2
2020-07,GitHub,1.8359806629834254,1.0,2.7604079047725993,1.0,1.0,2.0,0.18668213756204474,1,77
2020-07,GitLab,1.3076923076923077,1.0,1.1691295502746666,1.0,1.0,1.0,0.003352027331915168,1,9
2020-07,Bitbucket,1.2040816326530612,1,0.6694375292594582,1.0,1.0,1.0,0.003158641139689293,1,5
2015-09,SourceForge,1.0909090909090908,1,0.28747978728803447,1.0,1.0,1.0,0.005911435941530524,1,2
2015-09,GitHub,1.368,1.0,0.9426430925859479,1.0,1.0,1.0,0.026870163370593295,1,8
2015-09,GitLab,0,0,0,0,0,0,0,0,0
2015-09,Bitbucket,1.1578947368421053,1,0.3646422752776584,1.0,1.0,1.0,0.00204213241616509,1,2
2007-09,SourceForge,1.1538461538461537,1,0.532938710021193,1.0,1.0,1.0,0.002780153977758768,1,3
2007-09,GitHub,0,0,0,0,0,0,0,0,0
2007-09,GitLab,0,0,0,0,0,0,0,0,0
2007-09,Bitbucket,0,0,0,0,0,0,0,0,0
2021-08,SourceForge,1.1481481481481481,1.0,0.4871461643691076,1.0,1.0,1.0,0.003857418387027645,1,4
2021-08,GitHub,1.853299856527977,1.0,2.0892049898736684,1.0,1.0,2.0,0.1991570826487606,1,40
2021-08,GitLab,2.297872340425532,1,7.207900197720469,1.0,1.0,1.0,0.003357382670190728,1,51
2021-08,Bitbucket,1.1935483870967742,1,0.5913000896717213,1.0,1.0,1.0,0.0022144438888492034,1,4
2019-09,SourceForge,1.196969696969697,1.0,0.5830873152998138,1.0,1.0,1.0,0.004760874269638607,1,4
2019-09,GitHub,1.7466970387243737,1,2.3433289749797916,1.0,1.0,2.0,0.1583351366947991,1,68
2019-09,GitLab,1.4074074074074074,1,0.9132465189583668,1.0,1.0,1.0,0.0019476303830339753,1,5
2019-09,Bitbucket,1.0666666666666667,1.0,0.3590109871423003,1.0,1.0,1.0,0.002164033758926639,1,3
2017-08,SourceForge,1.1020408163265305,1,0.3027019790651291,1.0,1.0,1.0,0.00498220640569395,1,2
2017-08,GitHub,1.7120622568093384,1,4.670474334277915,1.0,1.0,2.0,0.07839349262836807,1,125
2017-08,GitLab,1.4285714285714286,1,1.0497813183356477,1.0,1.0,1.0,0.0007117437722419929,1,4
2017-08,Bitbucket,1.1428571428571428,1.0,0.5802884574739972,1.0,1.0,1.0,0.0028469750889679717,1,4
2009-08,SourceForge,1.2105263157894737,1,0.6137844099837159,1.0,1.0,1.0,0.004136729806226867,1,3
2009-08,GitHub,0,0,0,0,0,0,0,0,0
2009-08,GitLab,0,0,0,0,0,0,0,0,0
2009-08,Bitbucket,0,0,0,0,0,0,0,0,0
2015-05,SourceForge,1.1923076923076923,1.0,0.48192169562083337,1.0,1.0,1.0,0.0063686466625842006,1,3
2015-05,GitHub,1.3365853658536586,1,0.9046643623832705,1.0,1.0,1.0,0.02510716472749541,1,9
2015-05,GitLab,2,2.0,0.0,2.0,2.0,2.0,0.0002449479485609308,2,2
2015-05,Bitbucket,1.0588235294117647,1,0.23529411764705882,1.0,1.0,1.0,0.0020820575627679117,1,2
2010-10,SourceForge,1.1538461538461537,1.0,0.6007884366082042,1.0,1.0,1.0,0.004136833731105807,1,4
2010-10,GitHub,1,1.0,0.0,1.0,1.0,1.0,0.00031821797931583137,1,1
2010-10,GitLab,0,0,0,0,0,0,0,0,0
2010-10,Bitbucket,0,0,0,0,0,0,0,0,0
2021-12,SourceForge,1.1176470588235294,1.0,0.5294117647058824,1.0,1.0,1.0,0.002182004877422667,1,4
2021-12,GitHub,2.1669437978051214,1,4.643606810230087,1.0,1.0,2.0,0.19297907842382236,1,153
2021-12,GitLab,1.462962962962963,1.0,1.4620250157833845,1.0,1.0,1.0,0.0034655371582595304,1,8
2021-12,Bitbucket,1.6666666666666667,1,3.7983352178751186,1.0,1.0,1.0,0.0025028879476318828,1,25
2011-02,SourceForge,1.1481481481481481,1,0.3552467795046459,1.0,1.0,1.0,0.00468831394339295,1,2
2011-02,GitHub,2.75,1.0,3.031088913245535,1.0,1.0,6.25,0.0006945650286508074,1,8
2011-02,GitLab,0,0,0,0,0,0,0,0,0
2011-02,Bitbucket,0,0,0,0,0,0,0,0,0
2018-01,SourceForge,1.1428571428571428,1.0,0.3499271061118826,1.0,1.0,1.0,0.005283517312954052,1,2
2018-01,GitHub,1.7325153374233129,1,2.32344369537826,1.0,1.0,2.0,0.07689404660817058,1,47
2018-01,GitLab,1,1.0,0.0,1.0,1.0,1.0,0.0007547881875648646,1,1
2018-01,Bitbucket,1.1785714285714286,1.0,0.9278843611976129,1.0,1.0,1.0,0.002641758656477026,1,6
2021-04,SourceForge,1.1492537313432836,1,0.5255766227360898,1.0,1.0,1.0,0.004425655591518594,1,4
2021-04,GitHub,1.856923076923077,1.0,2.0396431988703867,1.0,1.0,2.0,0.21467732346918555,1,44
2021-04,GitLab,1.125,1.0,0.38090587513752755,1.0,1.0,1.0,0.0036990554197767356,1,3
2021-04,Bitbucket,1.0769230769230769,1,0.34969696658938093,1.0,1.0,1.0,0.0025761278816302264,1,3
2007-05,SourceForge,1.4444444444444444,1,0.6849348892187752,1.0,1.0,2.0,0.0019226660969878231,1,3
2007-05,GitHub,0,0,0,0,0,0,0,0,0
2007-05,GitLab,0,0,0,0,0,0,0,0,0
2007-05,Bitbucket,0,0,0,0,0,0,0,0,0
2014-01,SourceForge,1.0833333333333333,1.0,0.2763853991962833,1.0,1.0,1.0,0.005800604229607251,1,2
2014-01,GitHub,1.4415584415584415,1,1.4988610957146502,1.0,1.0,1.0,0.009305135951661632,1,12
2014-01,GitLab,0,0,0,0,0,0,0,0,0
2014-01,Bitbucket,1,1,0.0,1.0,1.0,1.0,0.0006042296072507553,1,1
2019-05,SourceForge,1.2452830188679245,1,0.6113906319252698,1.0,1.0,1.0,0.0038565087681001237,1,4
2019-05,GitHub,1.7314814814814814,1.0,2.3517492034513094,1.0,1.0,2.0,0.14931237721021612,1,74
2019-05,GitLab,1.3125,1.0,0.8454843286542927,1.0,1.0,1.0,0.0023284581241359236,1,5
2019-05,Bitbucket,1.105263157894737,1.0,0.30689220499185793,1.0,1.0,1.0,0.0027650440224114095,1,2
2010-06,SourceForge,1.2333333333333334,1.0,0.5587684871413403,1.0,1.0,1.0,0.005046257359125316,1,3
2010-06,GitHub,0,0,0,0,0,0,0,0,0
2010-06,GitLab,0,0,0,0,0,0,0,0,0
2010-06,Bitbucket,2,2,2,2,2,2,0.0001682085786375105,2,2
2012-11,SourceForge,1.325,1.0,0.6851094803022361,1.0,1.0,1.0,0.005441436539246361,1,4
2012-11,GitHub,1.3243243243243243,1,0.7729918727608157,1.0,1.0,1.0,0.005033328798802884,1,4
2012-11,GitLab,0,0,0,0,0,0,0,0,0
2012-11,Bitbucket,1,1,0.0,1.0,1.0,1.0,0.0004081077404434771,1,1
2017-04,SourceForge,1.1224489795918366,1,0.434842362299235,1.0,1.0,1.0,0.005433577289864715,1,3
2017-04,GitHub,1.5579119086460032,1,1.4824663806399383,1.0,1.0,2.0,0.06797516078953204,1,23
2017-04,GitLab,1,1.0,0.0,1.0,1.0,1.0,0.00022177866489243733,1,1
2017-04,Bitbucket,1.1666666666666667,1.0,0.37267799624996495,1.0,1.0,1.0,0.0026613439787092482,1,2
2009-04,SourceForge,1.173913043478261,1,0.4802330877037939,1.0,1.0,1.0,0.004669102720259845,1,3
2009-04,GitHub,0,0,0,0,0,0,0,0,0
2009-04,GitLab,0,0,0,0,0,0,0,0,0
2009-04,Bitbucket,0,0,0,0,0,0,0,0,0
2013-03,SourceForge,1.1363636363636365,1.0,0.3431742925123068,1.0,1.0,1.0,0.005894962486602358,1,2
2013-03,GitHub,1.2244897959183674,1,0.5056943548311783,1.0,1.0,1.0,0.006564844587352626,1,3
2013-03,GitLab,0,0,0,0,0,0,0,0,0
2013-03,Bitbucket,0,0,0,0,0,0,0,0,0
2009-12,SourceForge,1.1153846153846154,1.0,0.5769230769230769,1.0,1.0,1.0,0.004705030763662686,1,4
2009-12,GitHub,0,0,0,0,0,0,0,0,0
2009-12,GitLab,0,0,0,0,0,0,0,0,0
2009-12,Bitbucket,0,0,0,0,0,0,0,0,0
2012-07,SourceForge,1,1,0.0,1.0,1.0,1.0,0.006399782135076253,1,1
2012-07,GitHub,3.1666666666666665,1.0,9.154537429906306,1.0,1.0,1.75,0.0032679738562091504,1,47
2012-07,GitLab,0,0,0,0,0,0,0,0,0
2012-07,Bitbucket,2,2.0,1.0,0.5,2.0,3.5,0.0002723311546840959,1,3
2017-12,SourceForge,1.2391304347826086,1.0,0.7853213855734106,1.0,1.0,1.0,0.004456068972198004,1,6
2017-12,GitHub,1.744733581164808,1,3.283282562283021,1.0,1.0,2.0,0.07817494914269107,1,81
2017-12,GitLab,1,1.0,0.0,1.0,1.0,1.0,0.000968710646130001,1,1
2017-12,Bitbucket,1.088235294117647,1.0,0.3731934570720447,1.0,1.0,1.0,0.0032936161968420033,1,3
2012-06,SourceForge,1.1590909090909092,1.0,0.4233621820499354,1.0,1.0,1.0,0.006191950464396285,1,3
2012-06,GitHub,1.0555555555555556,1.0,0.2290614236454256,1.0,1.0,1.0,0.0025330706445257528,1,2
2012-06,GitLab,0,0,0,0,0,0,0,0,0
2012-06,Bitbucket,0,0,0,0,0,0,0,0,0
2008-01,SourceForge,1,1.0,0.0,1.0,1.0,1.0,0.0032199637754075265,1,1
2008-01,GitHub,0,0,0,0,0,0,0,0,0
2008-01,GitLab,0,0,0,0,0,0,0,0,0
2008-01,Bitbucket,0,0,0,0,0,0,0,0,0
2016-01,SourceForge,1.16,1.0,0.463033476111609,1.0,1.0,1.0,0.006067224851352991,1,3
2016-01,GitHub,1.4124087591240877,1.0,1.1404919706450192,1.0,1.0,1.0,0.033248392185414394,1,12
2016-01,GitLab,1,1,1,1,1,1,0.00012134449702705982,1,1
2016-01,Bitbucket,1.0555555555555556,1.0,0.2290614236454256,1.0,1.0,1.0,0.002184200946487077,1,2
2009-05,SourceForge,1.4,1,0.8,1.0,1.0,2.0,0.0030290791599353797,1,4
2009-05,GitHub,0,0,0,0,0,0,0,0,0
2009-05,GitLab,0,0,0,0,0,0,0,0,0
2009-05,Bitbucket,0,0,0,0,0,0,0,0,0
2013-02,SourceForge,1.1071428571428572,1.0,0.30929478706587094,1.0,1.0,1.0,0.0038324664659184233,1,2
2013-02,GitHub,1.4857142857142858,1,2.4999591833402697,1.0,1.0,1.0,0.004790583082398029,1,16
2013-02,GitLab,0,0,0,0,0,0,0,0,0
2013-02,Bitbucket,1,1.0,0.0,1.0,1.0,1.0,0.0008212428141253764,1,1
2012-10,SourceForge,1.1142857142857143,1.0,0.5221619109284876,1.0,1.0,1.0,0.008297771455666193,1,5
2012-10,GitHub,1.3611111111111112,1.0,1.10937364153977,1.0,1.0,1.0,0.004267425320056899,1,7
2012-10,GitLab,0,0,0,0,0,0,0,0,0
2012-10,Bitbucket,1,1.0,0.0,1.0,1.0,1.0,0.000474158368895211,1,1
2017-05,SourceForge,1.064516129032258,1.0,0.24567010018915833,1.0,1.0,1.0,0.005542147135067489,1,2
2017-05,GitHub,1.5930787589498807,1.0,2.311701028022808,1.0,1.0,2.0,0.07490837579333154,1,59
2017-05,GitLab,1,1,0.0,1.0,1.0,1.0,0.0006257262894431036,1,1
2017-05,Bitbucket,1.0833333333333333,1.0,0.36324157862838946,1.0,1.0,1.0,0.003218020917135961,1,3
2015-12,SourceForge,1.1458333333333333,1.0,0.5396597436245257,1.0,1.0,1.0,0.0051260145237078175,1,4
2015-12,GitHub,1.493723849372385,1,1.226862150144144,1.0,1.0,2.0,0.025523280649295172,1,13
2015-12,GitLab,0,0,0,0,0,0,0,0,0
2015-12,Bitbucket,1,1,0.0,1.0,1.0,1.0,0.001388295600170867,1,1
2019-04,SourceForge,1.1818181818181819,1.0,0.42315878920511946,1.0,1.0,1.0,0.004930524428507396,1,3
2019-04,GitHub,1.8498419388830347,1.0,3.5896030753346366,1.0,1.0,2.0,0.14178992977737936,1,99
2019-04,GitLab,1.146341463414634,1,0.4716848684344809,1.0,1.0,1.0,0.003062901538921261,1,3
2019-04,Bitbucket,1.1702127659574468,1,0.6297297271042018,1.0,1.0,1.0,0.0035111310324219334,1,5
2010-07,SourceForge,1.2307692307692308,1.0,0.5756395979652218,1.0,1.0,1.0,0.004722979109900091,1,3
2010-07,GitHub,2,2,2,2,2,2,0.00018165304268846503,2,2
2010-07,GitLab,0,0,0,0,0,0,0,0,0
2010-07,Bitbucket,1,1,1,1,1,1,0.00018165304268846503,1,1
2007-04,SourceForge,1.375,1.0,0.6959705453537527,1.0,1.0,1.75,0.003999000249937516,1,3
2007-04,GitHub,0,0,0,0,0,0,0,0,0
2007-04,GitLab,0,0,0,0,0,0,0,0,0
2007-04,Bitbucket,0,0,0,0,0,0,0,0,0
2021-05,SourceForge,1.1111111111111112,1,0.36126370402352515,1.0,1.0,1.0,0.004143646408839779,1,3
2021-05,GitHub,1.877885580461693,1,2.777967866204288,1.0,1.0,2.0,0.19659300184162062,1,79
2021-05,GitLab,1.546875,1.0,2.579545063451112,1.0,1.0,1.0,0.004209418574059458,1,21
2021-05,Bitbucket,1.1020408163265305,1,0.3027019790651291,1.0,1.0,1.0,0.0032228360957642726,1,2
2011-03,SourceForge,1.5384615384615385,1,1.6923076923076923,1.0,1.0,1.0,0.006213159152461367,1,10
2011-03,GitHub,1,1.0,0.0,1.0,1.0,1.0,0.0009558706388402103,1,1
2011-03,GitLab,0,0,0,0,0,0,0,0,0
2011-03,Bitbucket,0,0,0,0,0,0,0,0,0
2007-12,SourceForge,1.3636363636363635,1,0.6428243465332251,1.0,1.0,2.0,0.002497162315550511,1,3
2007-12,GitHub,0,0,0,0,0,0,0,0,0
2007-12,GitLab,0,0,0,0,0,0,0,0,0
2007-12,Bitbucket,0,0,0,0,0,0,0,0,0
2015-04,SourceForge,1.1666666666666667,1.0,0.41943524640393054,1.0,1.0,1.0,0.00646242221158449,1,3
2015-04,GitHub,1.3718592964824121,1,0.9036008703882147,1.0,1.0,1.0,0.023815222594542843,1,6
2015-04,GitLab,0,0,0,0,0,0,0,0,0
2015-04,Bitbucket,1.2352941176470589,1,0.42418250299576343,1.0,1.0,1.5,0.0020344662517951173,1,2
2010-11,SourceForge,1.1428571428571428,1,0.3499271061118826,1.0,1.0,1.0,0.005251312828207052,1,2
2010-11,GitHub,1,1,0.0,1.0,1.0,1.0,0.0007501875468867217,1,1
2010-11,GitLab,0,0,0,0,0,0,0,0,0
2010-11,Bitbucket,1,1,1,1,1,1,0.00015003750937734434,1,1
2019-12,SourceForge,1.25,1.0,0.5590169943749475,1.0,1.0,1.0,0.004739687476856995,1,4
2019-12,GitHub,1.7913322632423756,1,2.016600392810332,1.0,1.0,2.0,0.13841368584758942,1,35
2019-12,GitLab,1.5555555555555556,1.0,1.363093794042811,1.0,1.0,1.0,0.0026660742057320595,1,7
2019-12,Bitbucket,1.4545454545454546,1,2.0610516452281153,1.0,1.0,1.0,0.002443901355254388,1,13
2020-01,SourceForge,1.1290322580645162,1.0,0.45733699608896217,1.0,1.0,1.0,0.005167097258104842,1,4
2020-01,GitHub,1.717566728739913,1,2.3113479882991843,1.0,1.0,2.0,0.13426118843236937,1,61
2020-01,GitLab,1.3448275862068966,1,0.8418314217747381,1.0,1.0,1.0,0.0024168680723393615,1,5
2020-01,Bitbucket,1.2093023255813953,1,0.5929092457666029,1.0,1.0,1.0,0.0035836319693307774,1,4
2009-09,SourceForge,1.15,1.0,0.47696960070847283,1.0,1.0,1.0,0.003514320857494289,1,3
2009-09,GitHub,1,1,1,1,1,1,0.00017571604287471446,1,1
2009-09,GitLab,0,0,0,0,0,0,0,0,0
2009-09,Bitbucket,0,0,0,0,0,0,0,0,0
2017-09,SourceForge,1.1515151515151516,1.0,0.35855028988482524,1.0,1.0,1.0,0.006286911792722423,1,2
2017-09,GitHub,1.6216814159292035,1.0,3.667697887273364,1.0,1.0,2.0,0.08611164031244047,1,106
2017-09,GitLab,1,1.0,0.0,1.0,1.0,1.0,0.0009525623928367308,1,1
2017-09,Bitbucket,1.1666666666666667,1.0,0.5527707983925666,1.0,1.0,1.0,0.003429224614212231,1,4
2019-08,SourceForge,1.1206896551724137,1.0,0.3749752270850267,1.0,1.0,1.0,0.0048936888288896386,1,3
2019-08,GitHub,1.822349570200573,1,2.914731712381874,1.0,1.0,2.0,0.1472325345933176,1,92
2019-08,GitLab,1.1142857142857143,1,0.5221619109284876,1.0,1.0,1.0,0.00295308808639892,1,4
2019-08,Bitbucket,1.088235294117647,1.0,0.2836367870880281,1.0,1.0,1.0,0.0028687141410732365,1,2
2021-09,SourceForge,1.0307692307692307,1,0.1726918793895665,1.0,1.0,1.0,0.004247810743693635,1,2
2021-09,GitHub,1.9668260609683204,1.0,2.852800225244428,1.0,1.0,2.0,0.21866422689844464,1,109
2021-09,GitLab,1.6071428571428572,1.0,3.0687280486766326,1.0,1.0,1.0,0.0036596523330283625,1,24
2021-09,Bitbucket,1.121212121212121,1,0.40881022918884974,1.0,1.0,1.0,0.002156580839105999,1,3
2007-08,SourceForge,1,1.0,0.0,1.0,1.0,1.0,0.002266032177656923,1,1
2007-08,GitHub,0,0,0,0,0,0,0,0,0
2007-08,GitLab,0,0,0,0,0,0,0,0,0
2007-08,Bitbucket,0,0,0,0,0,0,0,0,0
2015-08,SourceForge,1.22,1.0,0.5015974481593781,1.0,1.0,1.0,0.006271951831409934,1,3
2015-08,GitHub,1.492537313432836,1,1.2543234801622405,1.0,1.0,2.0,0.025213246362267936,1,12
2015-08,GitLab,2,2.0,1.0,0.5,2.0,3.5,0.0002508780732563974,1,3
2015-08,Bitbucket,1.0555555555555556,1.0,0.2290614236454256,1.0,1.0,1.0,0.0022579026593075764,1,2
